status_of_existing_checking_account,duration_in_month,credit_history,purpose,credit_amount,savings_account_and_bonds,present_employment_since,installment_rate_in_percentage_of_disposable_income,personal_status_and_sex,other_debtors_or_guarantors,present_residence_since,property,age_in_years,other_installment_plans,housing,number_of_existing_credits_at_this_bank,job,number_of_people_being_liable_to_provide_maintenance_for,telephone,target
11,6,34,A43,1169,65,75,4,A93,A101,4,A121,63.0,A143,A152,2,173,1,A192,0
12,48,32,A43,5951,61,73,2,A92,A101,2,A121,22.0,A143,A152,1,173,1,A191,1
14,12,34,A46,2096,61,74,2,A93,A101,3,A121,49.0,A143,A152,1,172,2,A191,0
11,42,32,A42,7882,61,74,2,A93,A103,4,A122,45.0,A143,A153,1,173,2,A191,0
11,24,33,A40,4870,61,73,3,A93,A101,4,A124,53.0,A143,A153,2,173,2,A191,1
14,36,32,A46,9055,65,73,2,A93,A101,4,A124,35.0,A143,A153,1,172,2,A192,0
14,24,32,A42,2835,63,75,3,A93,A101,4,A122,53.0,A143,A152,1,173,1,A191,0
12,36,32,A41,6948,61,73,2,A93,A101,2,A123,35.0,A143,A151,1,174,1,A192,0
14,12,32,A43,3059,64,74,2,A91,A101,4,A121,61.0,A143,A152,1,172,1,A191,0
12,30,34,A40,5234,61,71,4,A94,A101,2,A123,28.0,A143,A152,2,174,1,A191,1
12,12,32,A40,1295,61,72,3,A92,A101,1,A123,25.0,A143,A151,1,173,1,A191,1
11,48,32,A49,4308,61,72,3,A92,A101,4,A122,24.0,A143,A151,1,173,1,A191,1
12,12,32,A43,1567,61,73,1,A92,A101,1,A123,22.0,A143,A152,1,173,1,A192,0
11,24,34,A40,1199,61,75,4,A93,A101,4,A123,60.0,A143,A152,2,172,1,A191,1
11,15,32,A40,1403,61,73,2,A92,A101,4,A123,28.0,A143,A151,1,173,1,A191,0
11,24,32,A43,1282,62,73,4,A92,A101,2,A123,32.0,A143,A152,1,172,1,A191,1
14,24,34,A43,2424,65,75,4,A93,A101,4,A122,53.0,A143,A152,2,173,1,A191,0
11,30,30,A49,8072,65,72,2,A93,A101,3,A123,25.0,A141,A152,3,173,1,A191,0
12,24,32,A41,12579,61,75,4,A92,A101,2,A124,44.0,A143,A153,1,174,1,A192,1
14,24,32,A43,3430,63,75,3,A93,A101,2,A123,31.0,A143,A152,1,173,2,A192,0
14,9,34,A40,2134,61,73,4,A93,A101,4,A123,48.0,A143,A152,3,173,1,A192,0
11,6,32,A43,2647,63,73,2,A93,A101,3,A121,44.0,A143,A151,1,173,2,A191,0
11,10,34,A40,2241,61,72,1,A93,A101,3,A121,48.0,A143,A151,2,172,2,A191,0
12,12,34,A41,1804,62,72,3,A93,A101,4,A122,44.0,A143,A152,1,173,1,A191,0
14,10,34,A42,2069,65,73,2,A94,A101,1,A123,26.0,A143,A152,2,173,1,A191,0
11,6,32,A42,1374,61,73,1,A93,A101,2,A121,36.0,A141,A152,1,172,1,A192,0
14,6,30,A43,426,61,75,4,A94,A101,4,A123,39.0,A143,A152,1,172,1,A191,0
13,12,31,A43,409,64,73,3,A92,A101,3,A121,42.0,A143,A151,2,173,1,A191,0
12,7,32,A43,2415,61,73,3,A93,A103,2,A121,34.0,A143,A152,1,173,1,A191,0
11,60,33,A49,6836,61,75,3,A93,A101,4,A124,63.0,A143,A152,2,173,1,A192,1
12,18,32,A49,1913,64,72,3,A94,A101,3,A121,36.0,A141,A152,1,173,1,A192,0
11,24,32,A42,4020,61,73,2,A93,A101,2,A123,27.0,A142,A152,1,173,1,A191,0
12,18,32,A40,5866,62,73,2,A93,A101,2,A123,30.0,A143,A152,2,173,1,A192,0
14,12,34,A49,1264,65,75,4,A93,A101,4,A124,57.0,A143,A151,1,172,1,A191,0
13,12,32,A42,1474,61,72,4,A92,A101,1,A122,33.0,A141,A152,1,174,1,A192,0
12,45,34,A43,4746,61,72,4,A93,A101,2,A122,25.0,A143,A152,2,172,1,A191,1
14,48,34,A46,6110,61,73,1,A93,A101,3,A124,31.0,A141,A153,1,173,1,A192,0
13,18,32,A43,2100,61,73,4,A93,A102,2,A121,37.0,A142,A152,1,173,1,A191,1
13,10,32,A44,1225,61,73,2,A93,A101,2,A123,37.0,A143,A152,1,173,1,A192,0
12,9,32,A43,458,61,73,4,A93,A101,3,A121,24.0,A143,A152,1,173,1,A191,0
14,30,32,A43,2333,63,75,4,A93,A101,2,A123,30.0,A141,A152,1,174,1,A191,0
12,12,32,A43,1158,63,73,3,A91,A101,1,A123,26.0,A143,A152,1,173,1,A192,0
12,18,33,A45,6204,61,73,2,A93,A101,4,A121,44.0,A143,A152,1,172,2,A192,0
11,30,34,A41,6187,62,74,1,A94,A101,4,A123,24.0,A143,A151,2,173,1,A191,0
11,48,34,A41,6143,61,75,4,A92,A101,4,A124,58.0,A142,A153,2,172,1,A191,1
14,11,34,A40,1393,61,72,4,A92,A101,4,A123,35.0,A143,A152,2,174,1,A191,0
14,36,32,A43,2299,63,75,4,A93,A101,4,A123,39.0,A143,A152,1,173,1,A191,0
11,6,32,A41,1352,63,71,1,A92,A101,2,A122,23.0,A143,A151,1,171,1,A192,0
14,11,34,A40,7228,61,73,1,A93,A101,4,A122,39.0,A143,A152,2,172,1,A191,0
14,12,32,A43,2073,62,73,4,A92,A102,2,A121,28.0,A143,A152,1,173,1,A191,0
12,24,33,A42,2333,65,72,4,A93,A101,2,A122,29.0,A141,A152,1,172,1,A191,0
12,27,33,A41,5965,61,75,1,A93,A101,2,A123,30.0,A143,A152,2,174,1,A192,0
14,12,32,A43,1262,61,73,3,A93,A101,2,A123,25.0,A143,A152,1,173,1,A191,0
14,18,32,A41,3378,65,73,2,A93,A101,1,A122,31.0,A143,A152,1,173,1,A192,0
12,36,33,A40,2225,61,75,4,A93,A101,4,A124,57.0,A141,A153,2,173,1,A192,1
14,6,31,A40,783,65,73,1,A93,A103,2,A121,26.0,A142,A152,1,172,2,A191,0
12,12,32,A43,6468,65,71,2,A93,A101,1,A124,52.0,A143,A152,1,174,1,A192,1
14,36,34,A43,9566,61,73,2,A92,A101,2,A123,31.0,A142,A152,2,173,1,A191,0
13,18,32,A40,1961,61,75,3,A92,A101,2,A123,23.0,A143,A152,1,174,1,A191,0
11,36,34,A42,6229,61,72,4,A92,A102,4,A124,23.0,A143,A151,2,172,1,A192,1
12,9,32,A49,1391,61,73,2,A94,A101,1,A121,27.0,A141,A152,1,173,1,A192,0
12,15,34,A43,1537,65,75,4,A93,A103,4,A121,50.0,A143,A152,2,173,1,A192,0
12,36,30,A49,1953,61,75,4,A93,A101,4,A124,61.0,A143,A153,1,174,1,A192,1
12,48,30,A49,14421,61,73,2,A93,A101,2,A123,25.0,A143,A152,1,173,1,A192,1
14,24,32,A43,3181,61,72,4,A92,A101,4,A122,26.0,A143,A152,1,173,1,A192,0
14,27,32,A45,5190,65,75,4,A93,A101,4,A122,48.0,A143,A152,4,173,2,A192,0
14,12,32,A43,2171,61,72,2,A92,A101,2,A123,29.0,A141,A152,1,173,1,A191,0
12,12,32,A40,1007,64,73,4,A94,A101,1,A121,22.0,A143,A152,1,173,1,A191,0
14,36,32,A46,1819,61,73,4,A93,A101,4,A124,37.0,A142,A153,1,173,1,A192,1
14,36,32,A43,2394,65,73,4,A92,A101,4,A123,25.0,A143,A152,1,173,1,A191,0
14,36,32,A41,8133,61,73,1,A92,A101,2,A122,30.0,A141,A152,1,173,1,A191,0
14,7,34,A43,730,65,75,4,A93,A101,2,A122,46.0,A143,A151,2,172,1,A192,0
11,8,34,A410,1164,61,75,3,A93,A101,4,A124,51.0,A141,A153,2,174,2,A192,0
12,42,34,A49,5954,61,74,2,A92,A101,1,A121,41.0,A141,A152,2,172,1,A191,0
11,36,32,A46,1977,65,75,4,A93,A101,4,A124,40.0,A143,A152,1,174,1,A192,1
11,12,34,A41,1526,61,75,4,A93,A101,4,A124,63.0,A143,A153,2,174,1,A191,0
11,42,32,A43,3965,61,72,4,A93,A101,3,A123,34.0,A143,A152,1,173,1,A191,1
12,11,33,A43,4771,61,74,2,A93,A101,4,A122,51.0,A143,A152,1,173,1,A191,0
14,54,30,A41,9436,65,73,2,A93,A101,2,A122,39.0,A143,A152,1,172,2,A191,0
12,30,32,A42,3832,61,72,2,A94,A101,1,A122,22.0,A143,A152,1,173,1,A191,0
14,24,32,A43,5943,65,72,1,A92,A101,1,A123,44.0,A143,A152,2,173,1,A192,1
14,15,32,A43,1213,63,75,4,A93,A101,3,A122,47.0,A142,A152,1,173,1,A192,0
14,18,32,A49,1568,62,73,3,A92,A101,4,A122,24.0,A143,A151,1,172,1,A191,0
11,24,32,A410,1755,61,75,4,A92,A103,4,A121,58.0,A143,A152,1,172,1,A192,0
11,10,32,A43,2315,61,75,3,A93,A101,4,A121,52.0,A143,A152,1,172,1,A191,0
14,12,34,A49,1412,61,73,4,A92,A103,2,A121,29.0,A143,A152,2,174,1,A192,0
12,18,34,A42,1295,61,72,4,A92,A101,1,A122,27.0,A143,A152,2,173,1,A191,0
12,36,32,A46,12612,62,73,1,A93,A101,4,A124,47.0,A143,A153,1,173,2,A192,1
11,18,32,A40,2249,62,74,4,A93,A101,3,A123,30.0,A143,A152,1,174,2,A192,0
11,12,30,A45,1108,61,74,4,A93,A101,3,A121,28.0,A143,A152,2,173,1,A191,1
14,12,34,A43,618,61,75,4,A93,A101,4,A121,56.0,A143,A152,1,173,1,A191,0
11,12,34,A41,1409,61,75,4,A93,A101,3,A121,54.0,A143,A152,1,173,1,A191,0
14,12,34,A43,797,65,75,4,A92,A101,3,A122,33.0,A141,A152,1,172,2,A191,1
13,24,34,A42,3617,65,75,4,A93,A102,4,A124,22.0,A143,A151,2,173,1,A191,0
12,12,32,A40,1318,64,75,4,A93,A101,4,A121,54.0,A143,A152,1,173,1,A192,0
12,54,30,A49,15945,61,72,3,A93,A101,4,A124,58.0,A143,A151,1,173,1,A192,1
14,12,34,A46,2012,65,74,4,A92,A101,2,A123,61.0,A143,A152,1,173,1,A191,0
12,18,32,A49,2622,62,73,4,A93,A101,4,A123,34.0,A143,A152,1,173,1,A191,0
12,36,34,A43,2337,61,75,4,A93,A101,4,A121,36.0,A143,A152,1,173,1,A191,0
12,20,33,A41,7057,65,74,3,A93,A101,4,A122,36.0,A141,A151,2,174,2,A192,0
14,24,32,A40,1469,62,75,4,A94,A101,4,A121,41.0,A143,A151,1,172,1,A191,0
12,36,32,A43,2323,61,74,4,A93,A101,4,A123,24.0,A143,A151,1,173,1,A191,0
14,6,33,A43,932,61,73,3,A92,A101,2,A121,24.0,A143,A152,1,173,1,A191,0
12,9,34,A42,1919,61,74,4,A93,A101,3,A123,35.0,A143,A151,1,173,1,A192,0
14,12,32,A41,2445,65,72,2,A94,A101,4,A123,26.0,A143,A151,1,173,1,A192,0
12,24,34,A410,11938,61,73,2,A93,A102,3,A123,39.0,A143,A152,2,174,2,A192,1
14,18,31,A40,6458,61,75,2,A93,A101,4,A124,39.0,A141,A152,2,174,2,A192,1
12,12,32,A40,6078,61,74,2,A93,A101,2,A123,32.0,A143,A152,1,173,1,A191,0
11,24,32,A42,7721,65,72,1,A92,A101,2,A122,30.0,A143,A152,1,173,1,A192,0
12,14,32,A49,1410,63,75,1,A94,A101,2,A121,35.0,A143,A152,1,173,1,A192,0
12,6,33,A49,1449,62,75,1,A91,A101,2,A123,31.0,A141,A152,2,173,2,A191,0
13,15,32,A46,392,61,72,4,A92,A101,4,A122,23.0,A143,A151,1,173,1,A192,0
12,18,32,A40,6260,61,74,3,A93,A101,3,A121,28.0,A143,A151,1,172,1,A191,0
14,36,34,A40,7855,61,73,4,A92,A101,2,A121,25.0,A142,A152,2,173,1,A192,1
11,12,32,A43,1680,63,75,3,A94,A101,1,A121,35.0,A143,A152,1,173,1,A191,0
14,48,34,A43,3578,65,75,4,A93,A101,1,A121,47.0,A143,A152,1,173,1,A192,0
11,42,32,A43,7174,65,74,4,A92,A101,3,A123,30.0,A143,A152,1,174,1,A192,1
11,10,34,A42,2132,65,72,2,A92,A102,3,A121,27.0,A143,A151,2,173,1,A191,0
11,33,34,A42,4281,63,73,1,A92,A101,4,A123,23.0,A143,A152,2,173,1,A191,1
12,12,34,A40,2366,63,74,3,A91,A101,3,A123,36.0,A143,A152,1,174,1,A192,0
11,21,32,A43,1835,61,73,3,A92,A101,2,A121,25.0,A143,A152,2,173,1,A192,1
14,24,34,A41,3868,61,75,4,A92,A101,2,A123,41.0,A143,A151,2,174,1,A192,0
14,12,32,A42,1768,61,73,3,A93,A101,2,A121,24.0,A143,A151,1,172,1,A191,0
13,10,34,A40,781,61,75,4,A93,A101,4,A124,63.0,A143,A153,2,173,1,A192,0
12,18,32,A42,1924,65,72,4,A92,A101,3,A121,27.0,A143,A151,1,173,1,A191,1
11,12,34,A40,2121,61,73,4,A93,A101,2,A122,30.0,A143,A152,2,173,1,A191,0
11,12,32,A43,701,61,73,4,A94,A101,2,A121,40.0,A143,A152,1,172,1,A191,0
12,12,32,A45,639,61,73,4,A93,A101,2,A123,30.0,A143,A152,1,173,1,A191,1
12,12,34,A41,1860,61,71,4,A93,A101,2,A123,34.0,A143,A152,2,174,1,A192,0
11,12,34,A40,3499,61,73,3,A92,A102,2,A121,29.0,A143,A152,2,173,1,A191,1
12,48,32,A40,8487,65,74,1,A92,A101,2,A123,24.0,A143,A152,1,173,1,A191,0
11,36,33,A46,6887,61,73,4,A93,A101,3,A122,29.0,A142,A152,1,173,1,A192,1
14,15,32,A42,2708,61,72,2,A93,A101,3,A122,27.0,A141,A152,2,172,1,A191,0
14,18,32,A42,1984,61,73,4,A93,A101,4,A124,47.0,A141,A153,2,173,1,A191,0
14,60,32,A43,10144,62,74,2,A92,A101,4,A121,22.0,A143,A152,1,173,1,A192,0
14,12,34,A43,1240,65,75,4,A92,A101,2,A121,38.0,A143,A152,2,173,1,A192,0
14,27,33,A41,8613,64,73,2,A93,A101,2,A123,27.0,A143,A152,2,173,1,A191,0
12,12,32,A43,766,63,73,4,A93,A101,3,A121,63.0,A143,A152,1,172,1,A191,1
12,15,34,A43,2728,65,74,4,A93,A103,2,A121,35.0,A141,A152,3,173,1,A192,0
13,12,32,A43,1881,61,73,2,A92,A101,2,A123,44.0,A143,A151,1,172,1,A192,0
13,6,32,A40,709,64,72,2,A94,A101,2,A121,27.0,A143,A152,1,171,1,A191,0
12,36,32,A43,4795,61,72,4,A92,A101,1,A124,30.0,A143,A152,1,174,1,A192,0
11,27,32,A43,3416,61,73,3,A93,A101,2,A123,27.0,A143,A152,1,174,1,A191,0
11,18,32,A42,2462,61,73,2,A93,A101,2,A123,22.0,A143,A152,1,173,1,A191,1
14,21,34,A42,2288,61,72,4,A92,A101,4,A122,23.0,A143,A152,1,173,1,A192,0
12,48,31,A49,3566,62,74,4,A93,A101,2,A123,30.0,A143,A152,1,173,1,A191,0
11,6,34,A40,860,61,75,1,A92,A101,4,A124,39.0,A143,A152,2,173,1,A192,0
14,12,34,A40,682,62,74,4,A92,A101,3,A123,51.0,A143,A152,2,173,1,A192,0
11,36,34,A42,5371,61,73,3,A93,A103,2,A122,28.0,A143,A152,2,173,1,A191,0
14,18,34,A43,1582,64,75,4,A93,A101,4,A123,46.0,A143,A152,2,173,1,A191,0
14,6,32,A43,1346,62,75,2,A93,A101,4,A124,42.0,A141,A153,1,173,2,A192,0
14,10,32,A43,1924,61,73,1,A93,A101,4,A122,38.0,A143,A152,1,173,1,A192,0
13,36,32,A43,5848,61,73,4,A93,A101,1,A123,24.0,A143,A152,1,173,1,A191,0
12,24,34,A41,7758,64,75,2,A92,A101,4,A124,29.0,A143,A151,1,173,1,A191,0
12,24,33,A49,6967,62,74,4,A93,A101,4,A123,36.0,A143,A151,1,174,1,A192,0
11,12,32,A42,1282,61,73,2,A92,A101,4,A123,22.0,A143,A151,1,173,1,A191,1
11,9,34,A45,1288,62,75,3,A93,A103,4,A121,48.0,A143,A152,2,173,2,A191,0
11,12,31,A48,339,61,75,4,A94,A101,1,A123,45.0,A141,A152,1,172,1,A191,0
12,24,32,A40,3512,62,74,2,A93,A101,3,A123,38.0,A141,A152,2,173,1,A192,0
14,6,34,A43,1898,65,73,1,A93,A101,2,A121,34.0,A143,A152,2,172,2,A191,0
14,24,34,A43,2872,62,75,3,A93,A101,4,A121,36.0,A143,A152,1,173,2,A192,0
14,18,34,A40,1055,61,72,4,A92,A101,1,A122,30.0,A143,A152,2,173,1,A191,0
14,15,32,A44,1262,63,74,4,A93,A101,3,A122,36.0,A143,A152,2,173,1,A192,0
12,10,32,A40,7308,61,71,2,A93,A101,4,A124,63.0,A141,A153,1,174,1,A192,0
14,36,32,A40,909,63,75,4,A93,A101,4,A122,36.0,A143,A152,1,173,1,A191,0
14,6,32,A42,2978,63,73,1,A93,A101,2,A123,32.0,A143,A152,1,173,1,A192,0
11,18,32,A42,1131,61,71,4,A92,A101,2,A123,33.0,A143,A152,1,173,1,A191,1
12,11,32,A42,1577,64,72,4,A92,A101,1,A121,22.0,A143,A152,1,173,1,A191,0
14,24,32,A42,3972,61,74,2,A92,A101,4,A122,25.0,A143,A151,1,173,1,A192,0
12,24,34,A49,1935,61,75,4,A91,A101,4,A121,31.0,A143,A152,2,173,1,A192,1
11,15,30,A40,950,61,75,4,A93,A101,3,A123,33.0,A143,A151,2,173,2,A191,1
14,12,32,A42,763,61,73,4,A92,A101,1,A121,26.0,A143,A152,1,173,1,A192,0
12,24,33,A42,2064,61,71,3,A92,A101,2,A122,34.0,A143,A152,1,174,1,A192,1
12,8,32,A43,1414,61,73,4,A93,A103,2,A121,33.0,A143,A152,1,173,1,A191,0
11,21,33,A46,3414,61,72,2,A93,A101,1,A122,26.0,A143,A152,2,173,1,A191,1
14,30,31,A41,7485,65,71,4,A92,A101,1,A121,53.0,A141,A152,1,174,1,A192,1
11,12,32,A42,2577,61,73,2,A91,A101,1,A123,42.0,A143,A152,1,173,1,A191,0
11,6,34,A43,338,63,75,4,A93,A101,4,A123,52.0,A143,A152,2,173,1,A191,0
14,12,32,A43,1963,61,74,4,A93,A101,2,A123,31.0,A143,A151,2,174,2,A192,0
11,21,34,A40,571,61,75,4,A93,A101,4,A121,63.0,A143,A152,2,173,1,A191,0
14,36,33,A49,9572,61,72,1,A91,A101,1,A123,28.0,A143,A152,2,173,1,A191,1
12,36,33,A49,4455,61,73,2,A91,A101,2,A121,30.0,A142,A152,2,174,1,A192,1
11,21,31,A40,1647,65,73,4,A93,A101,2,A122,40.0,A143,A152,2,172,2,A191,1
14,24,34,A42,3777,64,73,4,A93,A101,4,A121,50.0,A143,A152,1,173,1,A192,0
12,18,34,A40,884,61,75,4,A93,A101,4,A123,36.0,A141,A152,1,173,2,A192,1
14,15,34,A43,1360,61,73,4,A93,A101,2,A122,31.0,A143,A152,2,173,1,A191,0
12,9,31,A41,5129,61,75,2,A92,A101,4,A124,63.0,A141,A153,1,174,2,A192,1
12,16,34,A40,1175,61,71,2,A93,A101,3,A123,63.0,A143,A153,3,171,1,A192,0
11,12,32,A43,674,62,74,4,A94,A101,1,A122,22.0,A143,A152,1,173,1,A191,1
12,18,30,A42,3244,61,73,1,A92,A101,4,A123,33.0,A141,A152,2,173,1,A192,0
14,24,32,A49,4591,64,73,2,A93,A101,3,A122,54.0,A143,A152,3,174,1,A192,1
12,48,30,A49,3844,62,74,4,A93,A101,4,A124,34.0,A143,A153,1,172,2,A191,1
12,27,32,A49,3915,61,73,4,A93,A101,2,A123,36.0,A143,A152,1,173,2,A192,1
14,6,32,A43,2108,61,74,2,A94,A101,2,A121,29.0,A143,A151,1,173,1,A191,0
12,45,32,A43,3031,62,73,4,A93,A103,4,A122,22.0,A143,A151,1,173,1,A191,1
12,9,34,A46,1501,61,75,2,A92,A101,3,A123,34.0,A143,A152,2,174,1,A192,1
14,6,34,A43,1382,61,73,1,A92,A101,1,A123,28.0,A143,A152,2,173,1,A192,0
12,12,32,A42,951,62,72,4,A92,A101,4,A123,27.0,A141,A151,4,173,1,A191,1
12,24,32,A41,2760,65,75,4,A93,A101,4,A124,36.0,A141,A153,1,173,1,A192,0
12,18,33,A42,4297,61,75,4,A91,A101,3,A124,40.0,A143,A152,1,174,1,A192,1
14,9,34,A46,936,63,75,4,A93,A101,2,A123,52.0,A143,A152,2,173,1,A192,0
11,12,32,A40,1168,61,73,4,A94,A101,3,A121,27.0,A143,A152,1,172,1,A191,0
14,27,33,A49,5117,61,74,3,A93,A101,4,A123,26.0,A143,A152,2,173,1,A191,0
11,12,32,A48,902,61,74,4,A94,A101,4,A122,22.0,A143,A151,1,173,1,A191,1
14,12,34,A40,1495,61,75,4,A93,A101,1,A121,38.0,A143,A152,2,172,2,A191,0
11,30,34,A41,10623,61,75,3,A93,A101,4,A124,38.0,A143,A153,3,174,2,A192,0
14,12,34,A42,1935,61,75,4,A93,A101,4,A121,43.0,A143,A152,3,173,1,A192,0
12,12,34,A44,1424,61,74,4,A93,A101,3,A122,26.0,A143,A152,1,173,1,A191,0
11,24,32,A49,6568,61,73,2,A94,A101,2,A123,22.0,A142,A152,1,172,1,A191,0
14,12,32,A41,1413,64,74,3,A93,A101,2,A122,55.0,A143,A152,1,173,1,A191,0
14,9,34,A43,3074,65,73,1,A93,A101,2,A121,33.0,A143,A152,2,173,2,A191,0
14,36,32,A43,3835,65,75,2,A92,A101,4,A121,45.0,A143,A152,1,172,1,A192,0
11,27,30,A49,5293,61,71,2,A93,A101,4,A122,50.0,A142,A152,2,173,1,A192,1
13,30,33,A49,1908,61,75,4,A93,A101,4,A121,63.0,A143,A152,1,174,1,A192,1
14,36,34,A43,3342,65,75,4,A93,A101,2,A123,51.0,A143,A152,1,173,1,A192,0
12,6,34,A48,932,65,74,1,A92,A101,3,A122,39.0,A143,A152,2,172,1,A191,0
11,18,30,A49,3104,61,74,3,A93,A101,1,A122,31.0,A141,A152,1,173,1,A192,0
13,36,32,A43,3913,61,73,2,A93,A101,2,A121,23.0,A143,A152,1,173,1,A192,0
11,24,32,A42,3021,61,73,2,A91,A101,2,A121,24.0,A143,A151,1,172,1,A191,0
14,10,32,A40,1364,61,73,2,A92,A101,4,A123,63.0,A143,A152,1,173,1,A192,0
12,12,32,A43,625,61,72,4,A94,A103,1,A121,26.0,A141,A152,1,172,1,A191,0
11,12,32,A46,1200,65,73,4,A92,A101,4,A122,23.0,A141,A151,1,173,1,A192,0
14,12,32,A43,707,61,73,4,A93,A101,2,A121,30.0,A141,A152,2,173,1,A191,0
14,24,33,A49,2978,65,73,4,A93,A101,4,A121,32.0,A143,A152,2,173,2,A192,0
14,15,32,A41,4657,61,73,3,A93,A101,2,A123,30.0,A143,A152,1,173,1,A192,0
14,36,30,A45,2613,61,73,4,A93,A101,2,A123,27.0,A143,A152,2,173,1,A191,0
12,48,32,A43,10961,64,74,1,A93,A102,2,A124,27.0,A141,A152,2,173,1,A192,1
11,12,32,A42,7865,61,75,4,A93,A101,4,A124,53.0,A143,A153,1,174,1,A192,1
14,9,32,A43,1478,61,74,4,A93,A101,2,A123,22.0,A143,A152,1,173,1,A191,1
11,24,32,A42,3149,61,72,4,A93,A101,1,A124,22.0,A141,A153,1,173,1,A191,0
13,36,32,A43,4210,61,73,4,A93,A101,2,A123,26.0,A143,A152,1,173,1,A191,1
14,9,32,A40,2507,63,75,2,A93,A101,4,A124,51.0,A143,A153,1,172,1,A191,0
14,12,32,A43,2141,62,74,3,A93,A101,1,A124,35.0,A143,A152,1,173,1,A191,0
12,18,32,A43,866,61,73,4,A94,A103,2,A121,25.0,A143,A152,1,172,1,A191,0
14,4,34,A43,1544,61,74,2,A93,A101,1,A121,42.0,A143,A152,3,172,2,A191,0
11,24,32,A43,1823,61,71,4,A93,A101,2,A123,30.0,A142,A152,1,174,2,A191,1
12,6,32,A40,14555,65,71,1,A93,A101,2,A122,23.0,A143,A152,1,171,1,A192,1
12,21,32,A49,2767,62,75,4,A91,A101,2,A123,61.0,A141,A151,2,172,1,A191,1
14,12,34,A43,1291,61,73,4,A92,A101,2,A122,35.0,A143,A152,2,173,1,A191,0
11,30,32,A43,2522,61,75,1,A93,A103,3,A122,39.0,A143,A152,1,173,2,A191,0
11,24,32,A40,915,65,75,4,A92,A101,2,A123,29.0,A141,A152,1,173,1,A191,1
14,6,32,A43,1595,61,74,3,A93,A101,2,A122,51.0,A143,A152,1,173,2,A191,0
11,48,30,A41,4605,61,75,3,A93,A101,4,A124,24.0,A143,A153,2,173,2,A191,1
14,12,34,A49,1185,61,73,3,A92,A101,2,A121,27.0,A143,A152,2,173,1,A191,0
14,12,31,A48,3447,63,73,4,A92,A101,3,A121,35.0,A143,A152,1,172,2,A191,0
14,24,32,A49,1258,61,74,4,A93,A101,1,A121,25.0,A143,A152,1,173,1,A192,0
14,12,34,A43,717,61,75,4,A93,A101,4,A121,52.0,A143,A152,3,173,1,A191,0
14,6,30,A40,1204,62,73,4,A93,A101,1,A124,35.0,A141,A151,1,173,1,A191,0
13,24,32,A42,1925,61,73,2,A93,A101,2,A121,26.0,A143,A152,1,173,1,A191,0
14,18,32,A43,433,61,71,3,A92,A102,4,A121,22.0,A143,A151,1,173,1,A191,1
11,6,34,A40,666,64,74,3,A92,A101,4,A121,39.0,A143,A152,2,172,1,A192,0
13,12,32,A42,2251,61,73,1,A92,A101,2,A123,46.0,A143,A152,1,172,1,A191,0
12,30,32,A40,2150,61,73,4,A92,A103,2,A124,24.0,A141,A152,1,173,1,A191,1
14,24,33,A42,4151,62,73,2,A93,A101,3,A122,35.0,A143,A152,2,173,1,A191,0
12,9,32,A42,2030,65,74,2,A93,A101,1,A123,24.0,A143,A152,1,173,1,A192,0
12,60,33,A43,7418,65,73,1,A93,A101,1,A121,27.0,A143,A152,1,172,1,A191,0
14,24,34,A43,2684,61,73,4,A93,A101,2,A121,35.0,A143,A152,2,172,1,A191,0
11,12,31,A43,2149,61,73,4,A91,A101,1,A124,29.0,A143,A153,1,173,1,A191,1
14,15,32,A41,3812,62,72,1,A92,A101,4,A123,23.0,A143,A152,1,173,1,A192,0
14,11,34,A43,1154,62,71,4,A92,A101,4,A121,57.0,A143,A152,3,172,1,A191,0
11,12,32,A42,1657,61,73,2,A93,A101,2,A121,27.0,A143,A152,1,173,1,A191,0
11,24,32,A43,1603,61,75,4,A92,A101,4,A123,55.0,A143,A152,1,173,1,A191,0
11,18,34,A40,5302,61,75,2,A93,A101,4,A124,36.0,A143,A153,3,174,1,A192,0
14,12,34,A46,2748,61,75,2,A92,A101,4,A124,57.0,A141,A153,3,172,1,A191,0
14,10,34,A40,1231,61,75,3,A93,A101,4,A121,32.0,A143,A152,2,172,2,A191,0
12,15,32,A43,802,61,75,4,A93,A101,3,A123,37.0,A143,A152,1,173,2,A191,1
14,36,34,A49,6304,65,75,4,A93,A101,4,A121,36.0,A143,A152,2,173,1,A191,0
14,24,32,A43,1533,61,72,4,A92,A101,3,A123,38.0,A142,A152,1,173,1,A192,0
11,14,32,A40,8978,61,75,1,A91,A101,4,A122,45.0,A143,A152,1,174,1,A192,1
14,24,32,A43,999,65,75,4,A93,A101,2,A123,25.0,A143,A152,2,173,1,A191,0
14,18,32,A40,2662,65,74,4,A93,A101,3,A122,32.0,A143,A152,1,173,1,A191,0
14,12,34,A42,1402,63,74,3,A92,A101,4,A123,37.0,A143,A151,1,173,1,A192,0
12,48,31,A40,12169,65,71,4,A93,A102,4,A124,36.0,A143,A153,1,174,1,A192,0
12,48,32,A43,3060,61,74,4,A93,A101,4,A121,28.0,A143,A152,2,173,1,A191,1
11,30,32,A45,11998,61,72,1,A91,A101,1,A124,34.0,A143,A152,1,172,1,A192,1
14,9,32,A43,2697,61,73,1,A93,A101,2,A121,32.0,A143,A152,1,173,2,A191,0
14,18,34,A43,2404,61,73,2,A92,A101,2,A123,26.0,A143,A152,2,173,1,A191,0
11,12,32,A42,1262,65,75,2,A91,A101,4,A122,49.0,A143,A152,1,172,1,A192,0
14,6,32,A42,4611,61,72,1,A92,A101,4,A122,32.0,A143,A152,1,173,1,A191,1
14,24,32,A43,1901,62,73,4,A93,A101,4,A123,29.0,A143,A151,1,174,1,A192,0
14,15,34,A41,3368,64,75,3,A93,A101,4,A124,23.0,A143,A151,2,173,1,A192,0
14,12,32,A42,1574,61,73,4,A93,A101,2,A121,50.0,A143,A152,1,173,1,A191,0
13,18,31,A43,1445,65,74,4,A93,A101,4,A123,49.0,A141,A152,1,172,1,A191,0
14,15,34,A42,1520,65,75,4,A93,A101,4,A122,63.0,A143,A152,1,173,1,A191,0
12,24,34,A40,3878,62,72,4,A91,A101,2,A123,37.0,A143,A152,1,173,1,A192,0
11,47,32,A40,10722,61,72,1,A92,A101,1,A121,35.0,A143,A152,1,172,1,A192,0
11,48,32,A41,4788,61,74,4,A93,A101,3,A122,26.0,A143,A152,1,173,2,A191,0
12,48,33,A410,7582,62,71,2,A93,A101,4,A124,31.0,A143,A153,1,174,1,A192,0
12,12,32,A43,1092,61,73,4,A92,A103,4,A121,49.0,A143,A152,2,173,1,A192,0
11,24,33,A43,1024,61,72,4,A94,A101,4,A121,48.0,A142,A152,1,173,1,A191,1
14,12,32,A49,1076,61,73,2,A94,A101,2,A121,26.0,A143,A152,1,173,1,A192,0
12,36,32,A41,9398,61,72,1,A94,A101,4,A123,28.0,A143,A151,1,174,1,A192,1
11,24,34,A41,6419,61,75,2,A92,A101,4,A124,44.0,A143,A153,2,174,2,A192,0
13,42,34,A41,4796,61,75,4,A93,A101,4,A124,56.0,A143,A153,1,173,1,A191,0
14,48,34,A49,7629,65,75,4,A91,A101,2,A123,46.0,A141,A152,2,174,2,A191,0
12,48,32,A42,9960,61,72,1,A92,A101,2,A123,26.0,A143,A152,1,173,1,A192,1
14,12,32,A41,4675,65,72,1,A92,A101,4,A123,22.0,A143,A151,1,173,1,A191,0
14,10,32,A40,1287,65,75,4,A93,A102,2,A122,45.0,A143,A152,1,172,1,A191,0
14,18,32,A42,2515,61,73,3,A93,A101,4,A121,43.0,A143,A152,1,173,1,A192,0
12,21,34,A42,2745,64,74,3,A93,A101,2,A123,32.0,A143,A152,2,173,1,A192,0
14,6,32,A40,672,61,71,1,A92,A101,4,A121,54.0,A143,A152,1,171,1,A192,0
12,36,30,A43,3804,61,73,4,A92,A101,1,A123,42.0,A143,A152,1,173,1,A192,1
13,24,34,A40,1344,65,74,4,A93,A101,2,A121,37.0,A141,A152,2,172,2,A191,1
11,10,34,A40,1038,61,74,4,A93,A102,3,A122,49.0,A143,A152,2,173,1,A192,0
14,48,34,A40,10127,63,73,2,A93,A101,2,A124,44.0,A141,A153,1,173,1,A191,1
14,6,32,A42,1543,64,73,4,A91,A101,2,A121,33.0,A143,A152,1,173,1,A191,0
14,30,32,A41,4811,65,74,2,A92,A101,4,A122,24.0,A142,A151,1,172,1,A191,0
11,12,32,A43,727,62,72,4,A94,A101,3,A124,33.0,A143,A152,1,172,1,A192,1
12,8,32,A42,1237,61,73,3,A92,A101,4,A121,24.0,A143,A152,1,173,1,A191,1
12,9,32,A40,276,61,73,4,A94,A101,4,A121,22.0,A143,A151,1,172,1,A191,0
12,48,32,A410,5381,65,71,3,A93,A101,4,A124,40.0,A141,A153,1,171,1,A192,0
14,24,32,A42,5511,62,73,4,A93,A101,1,A123,25.0,A142,A152,1,173,1,A191,0
13,24,32,A42,3749,61,72,2,A92,A101,4,A123,26.0,A143,A152,1,173,1,A191,0
12,12,32,A40,685,61,74,2,A94,A101,3,A123,25.0,A141,A152,1,172,1,A191,1
13,4,32,A40,1494,65,72,1,A93,A101,2,A121,29.0,A143,A152,1,172,2,A191,0
11,36,31,A42,2746,61,75,4,A93,A101,4,A123,31.0,A141,A152,1,173,1,A191,1
11,12,32,A42,708,61,73,2,A93,A103,3,A122,38.0,A143,A152,1,172,2,A191,0
12,24,32,A42,4351,65,73,1,A92,A101,4,A122,48.0,A143,A152,1,172,1,A192,0
14,12,34,A46,701,61,73,4,A93,A101,2,A123,32.0,A143,A152,2,173,1,A191,0
11,15,33,A42,3643,61,75,1,A92,A101,4,A122,27.0,A143,A152,2,172,1,A191,0
12,30,34,A40,4249,61,71,4,A94,A101,2,A123,28.0,A143,A152,2,174,1,A191,1
11,24,32,A43,1938,61,72,4,A91,A101,3,A122,32.0,A143,A152,1,173,1,A191,1
11,24,32,A41,2910,61,74,2,A93,A101,1,A124,34.0,A143,A153,1,174,1,A192,0
11,18,32,A42,2659,64,73,4,A93,A101,2,A123,28.0,A143,A152,1,173,1,A191,0
14,18,34,A40,1028,61,73,4,A92,A101,3,A121,36.0,A143,A152,2,173,1,A191,0
11,8,34,A40,3398,61,74,1,A93,A101,4,A121,39.0,A143,A152,2,172,1,A191,0
14,12,34,A42,5801,65,75,2,A93,A101,4,A122,49.0,A143,A151,1,173,1,A192,0
14,24,32,A40,1525,64,74,4,A92,A101,3,A123,34.0,A143,A152,1,173,2,A192,0
13,36,32,A43,4473,61,75,4,A93,A101,2,A123,31.0,A143,A152,1,173,1,A191,0
12,6,32,A43,1068,61,75,4,A93,A101,4,A123,28.0,A143,A152,1,173,2,A191,0
11,24,34,A41,6615,61,71,2,A93,A101,4,A124,63.0,A143,A153,2,174,1,A192,0
14,18,34,A46,1864,62,73,4,A92,A101,2,A121,30.0,A143,A152,2,173,1,A191,1
12,60,32,A40,7408,62,72,4,A92,A101,2,A122,24.0,A143,A152,1,174,1,A191,1
14,48,34,A41,11590,62,73,2,A92,A101,4,A123,24.0,A141,A151,2,172,1,A191,1
11,24,30,A42,4110,61,75,3,A93,A101,4,A124,23.0,A141,A151,2,173,2,A191,1
11,6,34,A42,3384,61,73,1,A91,A101,4,A121,44.0,A143,A151,1,174,1,A192,1
12,13,32,A43,2101,61,72,2,A92,A103,4,A122,23.0,A143,A152,1,172,1,A191,0
11,15,32,A44,1275,65,73,4,A92,A101,2,A123,24.0,A143,A151,1,173,1,A191,1
11,24,32,A42,4169,61,73,4,A93,A101,4,A122,28.0,A143,A152,1,173,1,A191,0
12,10,32,A42,1521,61,73,4,A91,A101,2,A123,31.0,A143,A152,1,172,1,A191,0
12,24,34,A46,5743,61,72,2,A92,A101,4,A124,24.0,A143,A153,2,173,1,A192,0
11,21,32,A42,3599,61,74,1,A92,A101,4,A123,26.0,A143,A151,1,172,1,A191,0
12,18,32,A43,3213,63,72,1,A94,A101,3,A121,25.0,A143,A151,1,173,1,A191,0
12,18,32,A49,4439,61,75,1,A93,A102,1,A121,33.0,A141,A152,1,174,1,A192,0
13,10,32,A40,3949,61,72,1,A93,A103,1,A122,37.0,A143,A152,1,172,2,A191,0
14,15,34,A43,1459,61,73,4,A92,A101,2,A123,43.0,A143,A152,1,172,1,A191,0
12,13,34,A43,882,61,72,4,A93,A103,4,A121,23.0,A143,A152,2,173,1,A191,0
12,24,32,A43,3758,63,71,1,A92,A101,4,A124,23.0,A143,A151,1,171,1,A191,0
14,6,33,A49,1743,62,73,1,A93,A101,2,A121,34.0,A143,A152,2,172,1,A191,0
12,9,34,A46,1136,64,75,4,A93,A101,3,A124,32.0,A143,A153,2,173,2,A191,1
14,9,32,A44,1236,61,72,1,A92,A101,4,A121,23.0,A143,A151,1,173,1,A192,0
12,9,32,A42,959,61,73,1,A92,A101,2,A123,29.0,A143,A152,1,173,1,A191,1
14,18,34,A41,3229,65,71,2,A93,A101,4,A124,38.0,A143,A152,1,174,1,A192,0
11,12,30,A43,6199,61,73,4,A93,A101,2,A122,28.0,A143,A151,2,173,1,A192,1
14,10,32,A46,727,63,75,4,A93,A101,4,A124,46.0,A143,A153,1,173,1,A192,0
12,24,32,A40,1246,61,72,4,A93,A101,2,A121,23.0,A142,A152,1,172,1,A191,1
14,12,34,A43,2331,65,75,1,A93,A102,4,A121,49.0,A143,A152,1,173,1,A192,0
14,36,33,A43,4463,61,73,4,A93,A101,2,A123,26.0,A143,A152,2,174,1,A192,1
14,12,32,A43,776,61,73,4,A94,A101,2,A121,28.0,A143,A152,1,173,1,A191,0
11,30,32,A42,2406,61,74,4,A92,A101,4,A121,23.0,A143,A151,1,173,1,A191,1
12,18,32,A46,1239,65,73,4,A93,A101,4,A124,61.0,A143,A153,1,173,1,A191,0
13,12,32,A43,3399,65,75,2,A93,A101,3,A123,37.0,A143,A152,1,174,1,A191,0
13,12,33,A40,2247,61,73,2,A92,A101,2,A123,36.0,A142,A152,2,173,1,A192,0
14,6,32,A42,1766,61,73,1,A94,A101,2,A122,22.0,A143,A151,1,173,1,A191,0
11,18,32,A42,2473,61,71,4,A93,A101,1,A123,25.0,A143,A152,1,171,1,A191,1
14,12,32,A49,1542,61,74,2,A93,A101,4,A123,36.0,A143,A152,1,173,1,A192,0
14,18,34,A41,3850,61,74,3,A93,A101,1,A123,27.0,A143,A152,2,173,1,A191,0
11,18,32,A42,3650,61,72,1,A92,A101,4,A123,22.0,A143,A151,1,173,1,A191,0
11,36,32,A42,3446,61,75,4,A93,A101,2,A123,42.0,A143,A152,1,173,2,A191,1
12,18,32,A42,3001,61,74,2,A92,A101,4,A121,40.0,A143,A151,1,173,1,A191,0
14,36,32,A40,3079,65,73,4,A93,A101,4,A121,36.0,A143,A152,1,173,1,A191,0
14,18,34,A43,6070,61,75,3,A93,A101,4,A123,33.0,A143,A152,2,173,1,A192,0
14,10,34,A42,2146,61,72,1,A92,A101,3,A121,23.0,A143,A151,2,173,1,A191,0
14,60,34,A40,13756,65,75,2,A93,A101,4,A124,63.0,A141,A153,1,174,1,A192,0
12,60,31,A410,14782,62,75,3,A92,A101,4,A124,60.0,A141,A153,2,174,1,A192,1
11,48,31,A49,7685,61,74,2,A92,A103,4,A123,37.0,A143,A151,1,173,1,A191,1
14,18,33,A43,2320,61,71,2,A94,A101,3,A121,34.0,A143,A152,2,173,1,A191,0
14,7,33,A43,846,65,75,3,A93,A101,4,A124,36.0,A143,A153,1,173,1,A191,0
12,36,32,A40,14318,61,75,4,A93,A101,2,A124,57.0,A143,A153,1,174,1,A192,1
14,6,34,A40,362,62,73,4,A92,A101,4,A123,52.0,A143,A152,2,172,1,A191,0
11,20,32,A42,2212,65,74,4,A93,A101,4,A123,39.0,A143,A152,1,173,1,A192,0
12,18,32,A41,12976,61,71,3,A92,A101,4,A124,38.0,A143,A153,1,174,1,A192,1
14,22,32,A40,1283,65,74,4,A92,A101,4,A122,25.0,A143,A151,1,173,1,A191,0
13,12,32,A40,1330,61,72,4,A93,A101,1,A121,26.0,A143,A152,1,173,1,A191,0
14,30,33,A49,4272,62,73,2,A93,A101,2,A122,26.0,A143,A152,2,172,1,A191,0
14,18,34,A43,2238,61,73,2,A92,A101,1,A123,25.0,A143,A152,2,173,1,A191,0
14,18,32,A43,1126,65,72,4,A92,A101,2,A121,22.0,A143,A151,1,173,1,A192,0
12,18,34,A42,7374,61,71,4,A93,A101,4,A122,40.0,A142,A152,2,174,1,A192,0
12,15,34,A49,2326,63,73,2,A93,A101,4,A123,27.0,A141,A152,1,173,1,A191,0
14,9,32,A49,1449,61,74,3,A92,A101,2,A123,27.0,A143,A152,2,173,1,A191,0
14,18,32,A40,1820,61,73,2,A94,A101,2,A122,30.0,A143,A152,1,174,1,A192,0
12,12,32,A42,983,64,72,1,A92,A101,4,A121,22.0,A143,A151,1,172,1,A191,0
11,36,32,A40,3249,61,74,2,A93,A101,4,A124,39.0,A141,A153,1,174,2,A192,0
11,6,34,A43,1957,61,74,1,A92,A101,4,A123,31.0,A143,A152,1,173,1,A191,0
14,9,34,A42,2406,61,71,2,A93,A101,3,A123,31.0,A143,A152,1,174,1,A191,0
12,39,33,A46,11760,62,74,2,A93,A101,3,A124,32.0,A143,A151,1,173,1,A192,0
11,12,32,A42,2578,61,71,3,A92,A101,4,A124,55.0,A143,A153,1,174,1,A191,0
11,36,34,A42,2348,61,73,3,A94,A101,2,A122,46.0,A143,A152,2,173,1,A192,0
12,12,32,A40,1223,61,75,1,A91,A101,1,A121,46.0,A143,A151,2,173,1,A191,1
14,24,34,A43,1516,64,73,4,A92,A101,1,A121,43.0,A143,A152,2,172,1,A191,0
14,18,32,A43,1473,61,72,3,A94,A101,4,A121,39.0,A143,A152,1,173,1,A192,0
12,18,34,A49,1887,65,73,4,A94,A101,4,A121,28.0,A141,A152,2,173,1,A191,0
14,24,33,A49,8648,61,72,2,A93,A101,2,A123,27.0,A141,A152,2,173,1,A192,1
14,14,33,A40,802,61,73,4,A93,A101,2,A123,27.0,A143,A152,2,172,1,A191,0
12,18,33,A40,2899,65,75,4,A93,A101,4,A123,43.0,A143,A152,1,173,2,A191,0
12,24,32,A43,2039,61,72,1,A94,A101,1,A122,22.0,A143,A152,1,173,1,A192,1
14,24,34,A41,2197,65,74,4,A93,A101,4,A123,43.0,A143,A152,2,173,2,A192,0
11,15,32,A43,1053,61,72,4,A94,A101,2,A121,27.0,A143,A152,1,173,1,A191,0
14,24,32,A43,3235,63,75,3,A91,A101,2,A123,26.0,A143,A152,1,174,1,A192,0
13,12,34,A40,939,63,74,4,A94,A101,2,A121,28.0,A143,A152,3,173,1,A192,1
12,24,32,A43,1967,61,75,4,A92,A101,4,A123,22.0,A143,A152,1,173,1,A192,0
14,33,34,A41,7253,61,74,3,A93,A101,2,A123,35.0,A143,A152,2,174,1,A192,0
14,12,34,A49,2292,61,71,4,A93,A101,2,A123,42.0,A142,A152,2,174,1,A192,1
14,10,32,A40,1597,63,73,3,A93,A101,2,A124,40.0,A143,A151,1,172,2,A191,0
11,24,32,A40,1381,65,73,4,A92,A101,2,A122,35.0,A143,A152,1,173,1,A191,1
14,36,34,A41,5842,61,75,2,A93,A101,2,A122,35.0,A143,A152,2,173,2,A192,0
11,12,32,A40,2579,61,72,4,A93,A101,1,A121,33.0,A143,A152,1,172,2,A191,1
11,18,33,A46,8471,65,73,1,A92,A101,2,A123,23.0,A143,A151,2,173,1,A192,0
14,21,32,A40,2782,63,74,1,A92,A101,2,A123,31.0,A141,A152,1,174,1,A191,0
12,18,32,A40,1042,65,73,4,A92,A101,2,A122,33.0,A143,A152,1,173,1,A191,1
14,15,32,A40,3186,64,74,2,A92,A101,3,A123,22.0,A143,A151,1,173,1,A191,0
12,12,32,A41,2028,65,73,4,A93,A101,2,A123,30.0,A143,A152,1,173,1,A191,0
12,12,34,A40,958,61,74,2,A93,A101,3,A121,47.0,A143,A152,2,172,2,A191,0
14,21,33,A42,1591,62,74,4,A93,A101,3,A121,34.0,A143,A152,2,174,1,A191,0
12,12,32,A42,2762,65,75,1,A92,A101,2,A122,25.0,A141,A152,1,173,1,A192,1
12,18,32,A41,2779,61,73,1,A94,A101,3,A123,22.0,A143,A151,1,173,1,A192,0
14,28,34,A43,2743,61,75,4,A93,A101,2,A123,29.0,A143,A152,2,173,1,A191,0
14,18,34,A43,1149,64,73,4,A93,A101,3,A121,46.0,A143,A152,2,173,1,A191,0
14,9,32,A42,1313,61,75,1,A93,A101,4,A123,22.0,A143,A152,1,173,1,A191,0
11,18,34,A45,1190,61,71,2,A92,A101,4,A124,55.0,A143,A153,3,171,2,A191,1
14,5,32,A49,3448,61,74,1,A93,A101,4,A121,63.0,A143,A152,1,172,1,A191,0
12,24,32,A410,11328,61,73,2,A93,A102,3,A123,29.0,A141,A152,2,174,1,A192,1
11,6,34,A42,1872,61,71,4,A93,A101,4,A124,36.0,A143,A153,3,174,1,A192,0
14,24,34,A45,2058,61,73,4,A91,A101,2,A121,33.0,A143,A152,2,173,1,A192,0
11,9,32,A42,2136,61,73,3,A93,A101,2,A121,25.0,A143,A152,1,173,1,A191,0
12,12,32,A43,1484,65,73,2,A94,A101,1,A121,25.0,A143,A152,1,173,1,A192,1
14,6,32,A45,660,63,74,2,A94,A101,4,A121,23.0,A143,A151,1,172,1,A191,0
14,24,34,A40,1287,64,75,4,A92,A101,4,A121,37.0,A143,A152,2,173,1,A192,0
11,42,34,A45,3394,61,71,4,A93,A102,4,A123,63.0,A143,A152,2,171,1,A191,0
13,12,31,A49,609,61,72,4,A92,A101,1,A121,26.0,A143,A152,1,171,1,A191,1
14,12,32,A40,1884,61,75,4,A93,A101,4,A123,39.0,A143,A152,1,174,1,A192,0
11,12,32,A42,1620,61,73,2,A92,A102,3,A122,30.0,A143,A152,1,173,1,A191,0
12,20,33,A410,2629,61,73,2,A93,A101,3,A123,29.0,A141,A152,2,173,1,A192,0
14,12,32,A46,719,61,75,4,A93,A101,4,A123,41.0,A141,A152,1,172,2,A191,1
12,48,34,A42,5096,61,73,2,A92,A101,3,A123,30.0,A143,A152,1,174,1,A192,1
14,9,34,A46,1244,65,75,4,A92,A101,4,A122,41.0,A143,A151,2,172,1,A191,0
11,36,32,A40,1842,61,72,4,A92,A101,4,A123,34.0,A143,A152,1,173,1,A192,1
12,7,32,A43,2576,61,73,2,A93,A103,2,A121,35.0,A143,A152,1,173,1,A191,0
13,12,32,A42,1424,65,75,3,A92,A101,4,A121,55.0,A143,A152,1,174,1,A192,0
12,15,33,A45,1512,64,73,3,A94,A101,3,A122,61.0,A142,A152,2,173,1,A191,1
14,36,34,A41,11054,65,73,4,A93,A101,2,A123,30.0,A143,A152,1,174,1,A192,0
14,6,32,A43,518,61,73,3,A92,A101,1,A121,29.0,A143,A152,1,173,1,A191,0
14,12,30,A42,2759,61,75,2,A93,A101,4,A122,34.0,A143,A152,2,173,1,A191,0
14,24,32,A41,2670,61,75,4,A93,A101,4,A123,35.0,A143,A152,1,174,1,A192,0
11,24,32,A40,4817,61,74,2,A93,A102,3,A122,31.0,A143,A152,1,173,1,A192,1
14,24,32,A41,2679,61,72,4,A92,A101,1,A124,29.0,A143,A152,1,174,1,A192,0
11,11,34,A40,3905,61,73,2,A93,A101,2,A121,36.0,A143,A151,2,173,2,A191,0
11,12,32,A41,3386,61,75,3,A93,A101,4,A124,35.0,A143,A153,1,173,1,A192,1
11,6,32,A44,343,61,72,4,A92,A101,1,A121,27.0,A143,A152,1,173,1,A191,0
14,18,32,A43,4594,61,72,3,A93,A101,2,A123,32.0,A143,A152,1,173,1,A192,0
11,36,32,A42,3620,61,73,1,A93,A103,2,A122,37.0,A143,A152,1,173,2,A191,0
11,15,32,A40,1721,61,72,2,A93,A101,3,A121,36.0,A143,A152,1,173,1,A191,0
12,12,32,A42,3017,61,72,3,A92,A101,1,A121,34.0,A143,A151,1,174,1,A191,0
12,12,32,A48,754,65,75,4,A93,A101,4,A122,38.0,A143,A152,2,173,1,A191,0
14,18,32,A49,1950,61,74,4,A93,A101,1,A123,34.0,A142,A152,2,173,1,A192,0
11,24,32,A41,2924,61,73,3,A93,A103,4,A124,63.0,A141,A152,1,173,2,A192,0
11,24,33,A43,1659,61,72,4,A92,A101,2,A123,29.0,A143,A151,1,172,1,A192,1
14,48,33,A43,7238,65,75,3,A93,A101,3,A123,32.0,A141,A152,2,173,2,A191,0
14,33,33,A49,2764,61,73,2,A92,A101,2,A123,26.0,A143,A152,2,173,1,A192,0
14,24,33,A41,4679,61,74,3,A93,A101,3,A123,35.0,A143,A152,2,172,1,A192,0
12,24,32,A43,3092,62,72,3,A94,A101,2,A123,22.0,A143,A151,1,173,1,A192,1
11,6,32,A46,448,61,72,4,A92,A101,4,A122,23.0,A143,A152,1,173,1,A191,1
11,9,32,A40,654,61,73,4,A93,A101,3,A123,28.0,A143,A152,1,172,1,A191,1
14,6,32,A48,1238,65,71,4,A93,A101,4,A122,36.0,A143,A152,1,174,2,A192,0
12,18,34,A43,1245,61,73,4,A94,A101,2,A123,33.0,A143,A152,1,173,1,A191,1
11,18,30,A42,3114,61,72,1,A92,A101,4,A122,26.0,A143,A151,1,173,1,A191,1
14,39,32,A41,2569,63,73,4,A93,A101,4,A123,24.0,A143,A152,1,173,1,A191,0
13,24,32,A43,5152,61,74,4,A93,A101,2,A123,25.0,A141,A152,1,173,1,A191,0
12,12,32,A49,1037,62,74,3,A93,A101,4,A121,39.0,A143,A152,1,172,1,A191,0
11,15,34,A42,1478,61,75,4,A93,A101,4,A123,44.0,A143,A152,2,173,2,A192,0
12,12,34,A43,3573,61,73,1,A92,A101,1,A121,23.0,A143,A152,1,172,1,A191,0
12,24,32,A40,1201,61,72,4,A93,A101,1,A122,26.0,A143,A152,1,173,1,A191,0
11,30,32,A42,3622,64,75,4,A92,A101,4,A122,57.0,A143,A151,2,173,1,A192,0
14,15,33,A42,960,64,74,3,A92,A101,2,A122,30.0,A143,A152,2,173,1,A191,0
14,12,34,A40,1163,63,73,4,A93,A101,4,A121,44.0,A143,A152,1,173,1,A192,0
12,6,33,A40,1209,61,71,4,A93,A101,4,A122,47.0,A143,A152,1,174,1,A192,1
14,12,32,A43,3077,61,73,2,A93,A101,4,A123,52.0,A143,A152,1,173,1,A192,0
14,24,32,A40,3757,61,75,4,A92,A102,4,A124,62.0,A143,A153,1,173,1,A192,0
14,10,32,A40,1418,62,73,3,A93,A101,2,A121,35.0,A143,A151,1,172,1,A191,0
14,6,32,A40,3518,61,73,2,A93,A103,3,A122,26.0,A143,A151,1,173,1,A191,0
14,12,34,A43,1934,61,75,2,A93,A101,2,A124,26.0,A143,A152,2,173,1,A191,0
12,27,30,A49,8318,61,75,2,A92,A101,4,A124,42.0,A143,A153,2,174,1,A192,1
14,6,34,A43,1237,62,73,1,A92,A101,1,A122,27.0,A143,A152,2,173,1,A191,0
12,6,32,A43,368,65,75,4,A93,A101,4,A122,38.0,A143,A152,1,173,1,A191,0
11,12,34,A40,2122,61,73,3,A93,A101,2,A121,39.0,A143,A151,2,172,2,A191,0
11,24,32,A42,2996,65,73,2,A94,A101,4,A123,22.0,A143,A152,1,173,1,A191,1
12,36,32,A42,9034,62,72,4,A93,A102,1,A124,29.0,A143,A151,1,174,1,A192,1
14,24,34,A42,1585,61,74,4,A93,A101,3,A122,40.0,A143,A152,2,173,1,A191,0
12,18,32,A43,1301,61,75,4,A94,A103,2,A121,32.0,A143,A152,1,172,1,A191,0
13,6,34,A40,1323,62,75,2,A91,A101,4,A123,28.0,A143,A152,2,173,2,A192,0
11,24,32,A40,3123,61,72,4,A92,A101,1,A122,27.0,A143,A152,1,173,1,A191,1
11,36,32,A41,5493,61,75,2,A93,A101,4,A124,42.0,A143,A153,1,173,2,A191,0
13,9,32,A43,1126,62,75,2,A91,A101,4,A121,49.0,A143,A152,1,173,1,A191,0
12,24,34,A43,1216,62,72,4,A93,A101,4,A124,38.0,A141,A152,2,173,2,A191,1
11,24,32,A40,1207,61,72,4,A92,A101,4,A122,24.0,A143,A151,1,173,1,A191,1
14,10,32,A40,1309,65,73,4,A93,A103,4,A122,27.0,A143,A152,1,172,1,A191,1
13,15,34,A41,2360,63,73,2,A93,A101,2,A123,36.0,A143,A152,1,173,1,A192,0
12,15,31,A40,6850,62,71,1,A93,A101,2,A122,34.0,A143,A152,1,174,2,A192,1
14,24,32,A43,1413,61,73,4,A94,A101,2,A122,28.0,A143,A152,1,173,1,A191,0
14,39,32,A41,8588,62,75,4,A93,A101,2,A123,45.0,A143,A152,1,174,1,A192,0
11,12,32,A40,759,61,74,4,A93,A101,2,A121,26.0,A143,A152,1,173,1,A191,1
14,36,32,A41,4686,61,73,2,A93,A101,2,A124,32.0,A143,A153,1,174,1,A192,0
13,15,32,A49,2687,61,74,2,A93,A101,4,A122,26.0,A143,A151,1,173,1,A192,0
12,12,33,A43,585,61,73,4,A94,A102,4,A121,22.0,A143,A151,2,173,1,A191,0
14,24,32,A40,2255,65,72,4,A93,A101,1,A122,54.0,A143,A152,1,173,1,A191,0
11,6,34,A40,609,61,74,4,A92,A101,3,A122,37.0,A143,A152,2,173,1,A191,0
11,6,34,A40,1361,61,72,2,A93,A101,4,A121,40.0,A143,A152,1,172,2,A191,0
14,36,34,A42,7127,61,72,2,A92,A101,4,A122,23.0,A143,A151,2,173,1,A192,1
11,6,32,A40,1203,62,75,3,A93,A101,2,A122,43.0,A143,A152,1,173,1,A192,0
14,6,34,A43,700,65,75,4,A93,A101,4,A124,36.0,A143,A153,2,173,1,A191,0
14,24,34,A45,5507,61,75,3,A93,A101,4,A124,44.0,A143,A153,2,173,1,A191,0
11,18,32,A43,3190,61,73,2,A92,A101,2,A121,24.0,A143,A152,1,173,1,A191,1
11,48,30,A42,7119,61,73,3,A93,A101,4,A124,53.0,A143,A153,2,173,2,A191,1
14,24,32,A41,3488,62,74,3,A92,A101,4,A123,23.0,A143,A152,1,173,1,A191,0
12,18,32,A43,1113,61,73,4,A92,A103,4,A121,26.0,A143,A152,1,172,2,A191,0
12,26,32,A41,7966,61,72,2,A93,A101,3,A123,30.0,A143,A152,2,173,1,A191,0
14,15,34,A46,1532,62,73,4,A92,A101,3,A123,31.0,A143,A152,1,173,1,A191,0
14,4,34,A43,1503,61,74,2,A93,A101,1,A121,42.0,A143,A152,2,172,2,A191,0
11,36,32,A43,2302,61,73,4,A91,A101,4,A123,31.0,A143,A151,1,173,1,A191,1
11,6,32,A40,662,61,72,3,A93,A101,4,A121,41.0,A143,A152,1,172,2,A192,0
12,36,32,A46,2273,61,74,3,A93,A101,1,A123,32.0,A143,A152,2,173,2,A191,0
12,15,32,A40,2631,62,73,2,A92,A101,4,A123,28.0,A143,A151,2,173,1,A192,1
14,12,33,A41,1503,61,73,4,A94,A101,4,A121,41.0,A143,A151,1,173,1,A191,0
14,24,32,A43,1311,62,74,4,A94,A101,3,A122,26.0,A143,A152,1,173,1,A192,0
14,24,32,A43,3105,65,72,4,A93,A101,2,A123,25.0,A143,A152,2,173,1,A191,0
13,21,34,A46,2319,61,72,2,A91,A101,1,A123,33.0,A143,A151,1,173,1,A191,1
11,6,32,A40,1374,65,71,4,A92,A101,3,A122,63.0,A143,A152,1,174,1,A192,0
12,18,34,A42,3612,61,75,3,A92,A101,4,A122,37.0,A143,A152,1,173,1,A192,0
11,48,32,A40,7763,61,75,4,A93,A101,4,A124,42.0,A141,A153,1,174,1,A191,1
13,18,32,A42,3049,61,72,1,A92,A101,1,A122,45.0,A142,A152,1,172,1,A191,0
12,12,32,A43,1534,61,72,1,A94,A101,1,A121,23.0,A143,A151,1,173,1,A191,1
14,24,33,A40,2032,61,75,4,A93,A101,4,A124,60.0,A143,A153,2,173,1,A192,0
11,30,32,A42,6350,65,75,4,A93,A101,4,A122,31.0,A143,A152,1,173,1,A191,1
13,18,32,A42,2864,61,73,2,A93,A101,1,A121,34.0,A143,A152,1,172,2,A191,1
14,12,34,A40,1255,61,75,4,A93,A101,4,A121,61.0,A143,A152,2,172,1,A191,0
11,24,33,A40,1333,61,71,4,A93,A101,2,A121,43.0,A143,A153,2,173,2,A191,1
14,24,34,A40,2022,61,73,4,A92,A101,4,A123,37.0,A143,A152,1,173,1,A192,0
14,24,32,A43,1552,61,74,3,A93,A101,1,A123,32.0,A141,A152,1,173,2,A191,0
11,12,31,A43,626,61,73,4,A92,A101,4,A121,24.0,A141,A152,1,172,1,A191,1
14,48,34,A41,8858,65,74,2,A93,A101,1,A124,35.0,A143,A153,2,173,1,A192,0
14,12,34,A45,996,65,74,4,A92,A101,4,A121,23.0,A143,A152,2,173,1,A191,0
14,6,31,A43,1750,63,75,2,A93,A101,4,A122,45.0,A141,A152,1,172,2,A191,0
11,48,32,A43,6999,61,74,1,A94,A103,1,A121,34.0,A143,A152,2,173,1,A192,1
12,12,34,A40,1995,62,72,4,A93,A101,1,A123,27.0,A143,A152,1,173,1,A191,0
12,9,32,A46,1199,61,74,4,A92,A101,4,A122,63.0,A143,A152,2,174,1,A192,0
12,12,32,A43,1331,61,72,2,A93,A101,1,A123,22.0,A142,A152,1,173,1,A191,1
12,18,30,A40,2278,62,72,3,A92,A101,3,A123,28.0,A143,A152,2,173,1,A191,1
14,21,30,A40,5003,65,73,1,A92,A101,4,A122,29.0,A141,A152,2,173,1,A192,1
11,24,31,A42,3552,61,74,3,A93,A101,4,A123,27.0,A141,A152,1,173,1,A191,1
12,18,34,A42,1928,61,72,2,A93,A101,2,A121,31.0,A143,A152,2,172,1,A191,1
11,24,32,A41,2964,65,75,4,A93,A101,4,A124,49.0,A141,A153,1,173,2,A192,0
11,24,31,A43,1546,61,74,4,A93,A103,4,A123,24.0,A141,A151,1,172,1,A191,1
13,6,33,A43,683,61,72,2,A92,A101,1,A122,29.0,A141,A152,1,173,1,A191,0
12,36,32,A40,12389,65,73,1,A93,A101,4,A124,37.0,A143,A153,1,173,1,A192,1
12,24,33,A49,4712,65,73,4,A93,A101,2,A122,37.0,A141,A152,2,174,1,A192,0
12,24,33,A43,1553,62,74,3,A92,A101,2,A122,23.0,A143,A151,2,173,1,A192,0
11,12,32,A40,1372,61,74,2,A91,A101,3,A123,36.0,A143,A152,1,173,1,A191,1
14,24,34,A43,2578,64,75,2,A93,A101,2,A123,34.0,A143,A152,1,173,1,A191,0
12,48,32,A43,3979,65,74,4,A93,A101,1,A123,41.0,A143,A152,2,173,2,A192,0
11,48,32,A43,6758,61,73,3,A92,A101,2,A123,31.0,A143,A152,1,173,1,A192,1
11,24,32,A42,3234,61,72,4,A92,A101,4,A121,23.0,A143,A151,1,172,1,A192,1
14,30,34,A43,5954,61,74,3,A93,A102,2,A123,38.0,A143,A152,1,173,1,A191,0
14,24,32,A41,5433,65,71,2,A92,A101,4,A122,26.0,A143,A151,1,174,1,A192,0
11,15,32,A49,806,61,73,4,A92,A101,4,A122,22.0,A143,A152,1,172,1,A191,0
12,9,32,A43,1082,61,75,4,A93,A101,4,A123,27.0,A143,A152,2,172,1,A191,0
14,15,34,A42,2788,61,74,2,A92,A102,3,A123,24.0,A141,A152,2,173,1,A191,0
12,12,32,A43,2930,61,74,2,A92,A101,1,A121,27.0,A143,A152,1,173,1,A191,0
14,24,34,A46,1927,65,73,3,A92,A101,2,A123,33.0,A143,A152,2,173,1,A192,0
12,36,34,A40,2820,61,72,4,A91,A101,4,A123,27.0,A143,A152,2,173,1,A191,1
14,24,32,A48,937,61,72,4,A94,A101,3,A123,27.0,A143,A152,2,172,1,A191,0
12,18,34,A40,1056,61,75,3,A93,A103,3,A121,30.0,A141,A152,2,173,1,A191,1
12,12,34,A40,3124,61,72,1,A93,A101,3,A121,49.0,A141,A152,2,172,2,A191,0
14,9,32,A42,1388,61,73,4,A92,A101,2,A121,26.0,A143,A151,1,173,1,A191,0
12,36,32,A45,2384,61,72,4,A93,A101,1,A124,33.0,A143,A151,1,172,1,A191,1
14,12,32,A40,2133,65,75,4,A92,A101,4,A124,52.0,A143,A153,1,174,1,A192,0
11,18,32,A42,2039,61,73,1,A92,A101,4,A121,22.0,A141,A151,1,173,1,A191,1
11,9,34,A40,2799,61,73,2,A93,A101,2,A121,36.0,A143,A151,2,173,2,A191,0
11,12,32,A42,1289,61,73,4,A93,A103,1,A122,22.0,A143,A152,1,172,1,A191,0
11,18,32,A44,1217,61,73,4,A94,A101,3,A121,47.0,A143,A152,1,172,1,A192,1
11,12,34,A42,2246,61,75,3,A93,A101,3,A122,60.0,A143,A152,2,173,1,A191,1
11,12,34,A43,385,61,74,4,A92,A101,3,A121,58.0,A143,A152,4,172,1,A192,0
12,24,33,A40,1965,65,73,4,A92,A101,4,A123,42.0,A143,A151,2,173,1,A192,0
14,21,32,A49,1572,64,75,4,A92,A101,4,A121,36.0,A141,A152,1,172,1,A191,0
12,24,32,A40,2718,61,73,3,A92,A101,4,A122,22.0,A143,A151,1,172,1,A192,1
11,24,31,A410,1358,65,75,4,A93,A101,3,A123,40.0,A142,A152,1,174,1,A192,1
12,6,31,A40,931,62,72,1,A92,A101,1,A122,32.0,A142,A152,1,172,1,A191,1
11,24,32,A40,1442,61,74,4,A92,A101,4,A123,23.0,A143,A151,2,173,1,A191,1
12,24,30,A49,4241,61,73,1,A93,A101,4,A121,36.0,A143,A152,3,172,1,A192,1
14,18,34,A40,2775,61,74,2,A93,A101,2,A122,31.0,A141,A152,2,173,1,A191,1
14,24,33,A49,3863,61,73,1,A93,A101,2,A124,32.0,A143,A153,1,173,1,A191,0
12,7,32,A43,2329,61,72,1,A92,A103,1,A121,45.0,A143,A152,1,173,1,A191,0
12,9,32,A42,918,61,73,4,A92,A101,1,A122,30.0,A143,A152,1,173,1,A191,1
12,24,31,A46,1837,61,74,4,A92,A101,4,A124,34.0,A141,A153,1,172,1,A191,1
14,36,32,A42,3349,61,73,4,A92,A101,2,A123,28.0,A143,A152,1,174,1,A192,1
13,10,32,A42,1275,61,72,4,A92,A101,2,A122,23.0,A143,A152,1,173,1,A191,0
11,24,31,A42,2828,63,73,4,A93,A101,4,A121,22.0,A142,A152,1,173,1,A192,0
14,24,34,A49,4526,61,73,3,A93,A101,2,A121,63.0,A143,A152,1,174,1,A192,0
12,36,32,A43,2671,62,73,4,A92,A102,4,A124,50.0,A143,A153,1,173,1,A191,1
14,18,32,A43,2051,61,72,4,A93,A101,1,A121,33.0,A143,A152,1,173,1,A191,0
14,15,32,A41,1300,65,75,4,A93,A101,4,A124,45.0,A141,A153,1,173,2,A191,0
11,12,32,A44,741,62,71,4,A92,A101,3,A122,22.0,A143,A152,1,173,1,A191,1
13,10,32,A40,1240,62,75,1,A92,A101,4,A124,48.0,A143,A153,1,172,2,A191,1
11,21,32,A43,3357,64,72,4,A92,A101,2,A123,29.0,A141,A152,1,173,1,A191,0
11,24,31,A41,3632,61,73,1,A92,A103,4,A123,22.0,A141,A151,1,173,1,A191,0
14,18,33,A42,1808,61,74,4,A92,A101,1,A121,22.0,A143,A152,1,173,1,A191,1
12,48,30,A49,12204,65,73,2,A93,A101,2,A123,48.0,A141,A152,1,174,1,A192,0
12,60,33,A43,9157,65,73,2,A93,A101,2,A124,27.0,A143,A153,1,174,1,A191,0
11,6,34,A40,3676,61,73,1,A93,A101,3,A121,37.0,A143,A151,3,173,2,A191,0
12,30,32,A42,3441,62,73,2,A92,A102,4,A123,22.0,A143,A151,1,173,1,A191,1
14,12,32,A40,640,61,73,4,A91,A101,2,A121,49.0,A143,A152,1,172,1,A191,0
12,21,34,A49,3652,61,74,2,A93,A101,3,A122,27.0,A143,A152,2,173,1,A191,0
14,18,34,A40,1530,61,73,3,A93,A101,2,A122,32.0,A141,A152,2,173,1,A191,1
14,48,32,A49,3914,65,73,4,A91,A101,2,A121,38.0,A141,A152,1,173,1,A191,1
11,12,32,A42,1858,61,72,4,A92,A101,1,A123,22.0,A143,A151,1,173,1,A191,0
11,18,32,A43,2600,61,73,4,A93,A101,4,A124,63.0,A143,A153,2,173,1,A191,1
14,15,32,A43,1979,65,75,4,A93,A101,2,A123,35.0,A143,A152,1,173,1,A191,0
13,6,32,A42,2116,61,73,2,A93,A101,2,A121,41.0,A143,A152,1,173,1,A192,0
12,9,31,A40,1437,62,74,2,A93,A101,3,A124,29.0,A143,A152,1,173,1,A191,1
14,42,34,A42,4042,63,73,4,A93,A101,4,A121,36.0,A143,A152,2,173,1,A192,0
14,9,32,A46,3832,65,75,1,A93,A101,4,A121,63.0,A143,A152,1,172,1,A191,0
11,24,32,A43,3660,61,73,2,A92,A101,4,A123,28.0,A143,A152,1,173,1,A191,0
11,18,31,A42,1553,61,73,4,A93,A101,3,A123,44.0,A141,A152,1,173,1,A191,1
12,15,32,A43,1444,65,72,4,A93,A101,1,A122,23.0,A143,A152,1,173,1,A191,0
14,9,32,A42,1980,61,72,2,A92,A102,2,A123,22.0,A143,A151,2,173,1,A191,1
12,24,32,A40,1355,61,72,3,A92,A101,4,A123,25.0,A143,A152,1,172,1,A192,1
14,12,32,A46,1393,61,75,4,A93,A101,4,A122,47.0,A141,A152,3,173,2,A192,0
14,24,32,A43,1376,63,74,4,A92,A101,1,A123,28.0,A143,A152,1,173,1,A191,0
14,60,33,A43,15653,61,74,2,A93,A101,4,A123,22.0,A143,A152,2,173,1,A192,0
14,12,32,A43,1493,61,72,4,A92,A101,3,A123,34.0,A143,A152,1,173,2,A191,0
11,42,33,A43,4370,61,74,3,A93,A101,2,A122,26.0,A141,A152,2,173,2,A192,1
11,18,32,A46,750,61,71,4,A92,A101,1,A121,27.0,A143,A152,1,171,1,A191,1
12,15,32,A45,1308,61,75,4,A93,A101,4,A123,38.0,A143,A152,2,172,1,A191,0
14,15,32,A46,4623,62,73,3,A93,A101,2,A122,40.0,A143,A152,1,174,1,A192,1
14,24,34,A43,1851,61,74,4,A94,A103,2,A123,33.0,A143,A152,2,173,1,A192,0
11,18,34,A43,1880,61,74,4,A94,A101,1,A122,32.0,A143,A152,2,174,1,A192,0
14,36,33,A49,7980,65,72,4,A93,A101,4,A123,27.0,A143,A151,2,173,1,A192,1
11,30,30,A42,4583,61,73,2,A91,A103,2,A121,32.0,A143,A152,2,173,1,A191,0
14,12,32,A40,1386,63,73,2,A92,A101,2,A122,26.0,A143,A152,1,173,1,A191,1
13,24,32,A40,947,61,74,4,A93,A101,3,A124,38.0,A141,A153,1,173,2,A191,1
11,12,32,A46,684,61,73,4,A93,A101,4,A123,40.0,A143,A151,1,172,2,A191,1
11,48,32,A46,7476,61,74,4,A93,A101,1,A124,50.0,A143,A153,1,174,1,A192,0
12,12,32,A42,1922,61,73,4,A93,A101,2,A122,37.0,A143,A152,1,172,1,A191,1
11,24,32,A40,2303,61,75,4,A93,A102,1,A121,45.0,A143,A152,1,173,1,A191,1
12,36,33,A40,8086,62,75,2,A93,A101,4,A123,42.0,A143,A152,4,174,1,A192,1
14,24,34,A41,2346,61,74,4,A93,A101,3,A123,35.0,A143,A152,2,173,1,A192,0
11,14,32,A40,3973,61,71,1,A93,A101,4,A124,22.0,A143,A153,1,173,1,A191,0
12,12,32,A40,888,61,75,4,A93,A101,4,A123,41.0,A141,A152,1,172,2,A191,1
14,48,32,A43,10222,65,74,4,A93,A101,3,A123,37.0,A142,A152,1,173,1,A192,0
12,30,30,A49,4221,61,73,2,A92,A101,1,A123,28.0,A143,A152,2,173,1,A191,0
12,18,34,A42,6361,61,75,2,A93,A101,1,A124,41.0,A143,A152,1,173,1,A192,0
13,12,32,A43,1297,61,73,3,A94,A101,4,A121,23.0,A143,A151,1,173,1,A191,0
11,12,32,A40,900,65,73,4,A94,A101,2,A123,23.0,A143,A152,1,173,1,A191,1
14,21,32,A42,2241,61,75,4,A93,A101,2,A121,50.0,A143,A152,2,173,1,A191,0
12,6,33,A42,1050,61,71,4,A93,A101,1,A122,35.0,A142,A152,2,174,1,A192,0
13,6,34,A46,1047,61,73,2,A92,A101,4,A122,50.0,A143,A152,1,172,1,A191,0
14,24,34,A410,6314,61,71,4,A93,A102,2,A124,27.0,A141,A152,2,174,1,A192,0
12,30,31,A42,3496,64,73,4,A93,A101,2,A123,34.0,A142,A152,1,173,2,A192,0
14,48,31,A49,3609,61,73,1,A92,A101,1,A121,27.0,A142,A152,1,173,1,A191,0
11,12,34,A40,4843,61,75,3,A93,A102,4,A122,43.0,A143,A151,2,173,1,A192,1
13,30,34,A43,3017,61,75,4,A93,A101,4,A122,47.0,A143,A152,1,173,1,A191,0
14,24,34,A49,4139,62,73,3,A93,A101,3,A122,27.0,A143,A152,2,172,1,A192,0
14,36,32,A49,5742,62,74,2,A93,A101,2,A123,31.0,A143,A152,2,173,1,A192,0
14,60,32,A40,10366,61,75,2,A93,A101,4,A122,42.0,A143,A152,1,174,1,A192,0
14,6,34,A40,2080,63,73,1,A94,A101,2,A123,24.0,A143,A152,1,173,1,A191,0
14,21,33,A49,2580,63,72,4,A93,A101,2,A121,41.0,A141,A152,1,172,2,A191,1
14,30,34,A43,4530,61,74,4,A92,A101,4,A123,26.0,A143,A151,1,174,1,A192,0
14,24,34,A42,5150,61,75,4,A93,A101,4,A123,33.0,A143,A152,1,173,1,A192,0
12,72,32,A43,5595,62,73,2,A94,A101,2,A123,24.0,A143,A152,1,173,1,A191,1
11,24,32,A43,2384,61,75,4,A93,A101,4,A121,63.0,A141,A151,1,172,1,A191,0
14,18,32,A43,1453,61,72,3,A92,A101,1,A121,26.0,A143,A152,1,173,1,A191,0
14,6,32,A46,1538,61,72,1,A92,A101,2,A124,56.0,A143,A152,1,173,1,A191,0
14,12,32,A43,2279,65,73,4,A93,A101,4,A124,37.0,A143,A153,1,173,1,A192,0
14,15,33,A43,1478,61,73,4,A94,A101,3,A121,33.0,A141,A152,2,173,1,A191,0
14,24,34,A43,5103,61,72,3,A94,A101,3,A124,47.0,A143,A153,3,173,1,A192,0
12,36,33,A49,9857,62,74,1,A93,A101,3,A122,31.0,A143,A152,2,172,2,A192,0
14,60,32,A40,6527,65,73,4,A93,A101,4,A124,34.0,A143,A153,1,173,2,A192,0
13,10,34,A43,1347,65,74,4,A93,A101,2,A122,27.0,A143,A152,2,173,1,A192,0
12,36,33,A40,2862,62,75,4,A93,A101,3,A124,30.0,A143,A153,1,173,1,A191,0
14,9,32,A43,2753,62,75,3,A93,A102,4,A123,35.0,A143,A152,1,173,1,A192,0
11,12,32,A40,3651,64,73,1,A93,A101,3,A122,31.0,A143,A152,1,173,2,A191,0
11,15,34,A42,975,61,73,2,A91,A101,3,A122,25.0,A143,A152,2,173,1,A191,0
12,15,32,A45,2631,62,73,3,A92,A101,2,A121,25.0,A143,A152,1,172,1,A191,0
12,24,32,A43,2896,62,72,2,A93,A101,1,A123,29.0,A143,A152,1,173,1,A191,0
11,6,34,A40,4716,65,72,1,A93,A101,3,A121,44.0,A143,A152,2,172,2,A191,0
14,24,32,A43,2284,61,74,4,A93,A101,2,A123,28.0,A143,A152,1,173,1,A192,0
14,6,32,A41,1236,63,73,2,A93,A101,4,A122,50.0,A143,A151,1,173,1,A191,0
12,12,32,A43,1103,61,74,4,A93,A103,3,A121,29.0,A143,A152,2,173,1,A191,0
14,12,34,A40,926,61,71,1,A92,A101,2,A122,38.0,A143,A152,1,171,1,A191,0
14,18,34,A43,1800,61,73,4,A93,A101,2,A123,24.0,A143,A152,2,173,1,A191,0
13,15,32,A46,1905,61,75,4,A93,A101,4,A123,40.0,A143,A151,1,174,1,A192,0
14,12,32,A42,1123,63,73,4,A92,A101,4,A123,29.0,A143,A151,1,172,1,A191,1
11,48,34,A41,6331,61,75,4,A93,A101,4,A124,46.0,A143,A153,2,173,1,A192,1
13,24,32,A43,1377,62,75,4,A92,A101,2,A124,47.0,A143,A153,1,173,1,A192,0
12,30,33,A49,2503,62,75,4,A93,A101,2,A122,41.0,A142,A152,2,173,1,A191,0
12,27,32,A49,2528,61,72,4,A92,A101,1,A122,32.0,A143,A152,1,173,2,A192,0
14,15,32,A40,5324,63,75,1,A92,A101,4,A124,35.0,A143,A153,1,173,1,A191,0
12,48,32,A40,6560,62,74,3,A93,A101,2,A122,24.0,A143,A152,1,173,1,A191,1
12,12,30,A42,2969,61,72,4,A92,A101,3,A122,25.0,A143,A151,2,173,1,A191,1
12,9,32,A43,1206,61,75,4,A92,A101,4,A121,25.0,A143,A152,1,173,1,A191,0
12,9,32,A43,2118,61,73,2,A93,A101,2,A121,37.0,A143,A152,1,172,2,A191,0
14,18,34,A43,629,63,75,4,A93,A101,3,A122,32.0,A141,A152,2,174,1,A192,0
11,6,31,A46,1198,61,75,4,A92,A101,4,A124,35.0,A143,A153,1,173,1,A191,1
14,21,32,A41,2476,65,75,4,A93,A101,4,A121,46.0,A143,A152,1,174,1,A192,0
11,9,34,A43,1138,61,73,4,A93,A101,4,A121,25.0,A143,A152,2,172,1,A191,0
12,60,32,A40,14027,61,74,4,A93,A101,2,A124,27.0,A143,A152,1,174,1,A192,1
14,30,34,A41,7596,65,75,1,A93,A101,4,A123,63.0,A143,A152,2,173,1,A191,0
14,30,34,A43,3077,65,75,3,A93,A101,2,A123,40.0,A143,A152,2,173,2,A192,0
14,18,32,A43,1505,61,73,4,A93,A101,2,A124,32.0,A143,A153,1,174,1,A192,0
13,24,34,A43,3148,65,73,3,A93,A101,2,A123,31.0,A143,A152,2,173,1,A192,0
12,20,30,A41,6148,62,75,3,A94,A101,4,A123,31.0,A141,A152,2,173,1,A192,0
13,9,30,A43,1337,61,72,4,A93,A101,2,A123,34.0,A143,A152,2,174,1,A192,1
12,6,31,A46,433,64,72,4,A92,A101,2,A122,24.0,A141,A151,1,173,2,A191,1
11,12,32,A40,1228,61,73,4,A92,A101,2,A121,24.0,A143,A152,1,172,1,A191,1
12,9,32,A43,790,63,73,4,A92,A101,3,A121,63.0,A143,A152,1,172,1,A191,0
14,27,32,A40,2570,61,73,3,A92,A101,3,A121,22.0,A143,A151,1,173,1,A191,1
14,6,34,A40,250,64,73,2,A92,A101,2,A121,41.0,A141,A152,2,172,1,A191,0
14,15,34,A43,1316,63,73,2,A94,A101,2,A122,47.0,A143,A152,2,172,1,A191,0
11,18,32,A43,1882,61,73,4,A92,A101,4,A123,25.0,A141,A151,2,173,1,A191,1
12,48,31,A49,6416,61,75,4,A92,A101,3,A124,59.0,A143,A151,1,173,1,A191,1
13,24,34,A49,1275,64,73,2,A91,A101,4,A121,36.0,A143,A152,2,173,1,A192,0
12,24,33,A43,6403,61,72,1,A93,A101,2,A123,33.0,A143,A152,1,173,1,A191,0
11,24,32,A43,1987,61,73,2,A93,A101,4,A121,22.0,A143,A151,1,172,2,A191,1
12,8,32,A43,760,61,74,4,A92,A103,2,A121,44.0,A143,A152,1,172,1,A191,0
14,24,32,A41,2603,64,73,2,A92,A101,4,A123,28.0,A143,A151,1,173,1,A192,0
14,4,34,A40,3380,61,74,1,A92,A101,1,A121,37.0,A143,A152,1,173,2,A191,0
12,36,31,A44,3990,65,72,3,A92,A101,2,A124,29.0,A141,A152,1,171,1,A191,0
12,24,32,A41,11560,61,73,1,A92,A101,4,A123,23.0,A143,A151,2,174,1,A191,1
11,18,32,A40,4380,62,73,3,A93,A101,4,A123,35.0,A143,A152,1,172,2,A192,0
14,6,34,A40,6761,61,74,1,A93,A101,3,A124,45.0,A143,A152,2,174,2,A192,0
12,30,30,A49,4280,62,73,4,A92,A101,4,A123,26.0,A143,A151,2,172,1,A191,1
11,24,31,A40,2325,62,74,2,A93,A101,3,A123,32.0,A141,A152,1,173,1,A191,0
12,10,31,A43,1048,61,73,4,A93,A101,4,A121,23.0,A142,A152,1,172,1,A191,0
14,21,32,A43,3160,65,75,4,A93,A101,3,A122,41.0,A143,A152,1,173,1,A192,0
11,24,31,A42,2483,63,73,4,A93,A101,4,A121,22.0,A142,A152,1,173,1,A192,0
11,39,34,A42,14179,65,74,4,A93,A101,4,A122,30.0,A143,A152,2,174,1,A192,0
11,13,34,A49,1797,61,72,3,A93,A101,1,A122,28.0,A141,A152,2,172,1,A191,0
11,15,32,A40,2511,61,71,1,A92,A101,4,A123,23.0,A143,A151,1,173,1,A191,0
11,12,32,A40,1274,61,72,3,A92,A101,1,A121,37.0,A143,A152,1,172,1,A191,1
14,21,32,A41,5248,65,73,1,A93,A101,3,A123,26.0,A143,A152,1,173,1,A191,0
14,15,32,A41,3029,61,74,2,A93,A101,2,A123,33.0,A143,A152,1,173,1,A191,0
11,6,32,A42,428,61,75,2,A92,A101,1,A122,49.0,A141,A152,1,173,1,A192,0
11,18,32,A40,976,61,72,1,A92,A101,2,A123,23.0,A143,A152,1,172,1,A191,1
12,12,32,A49,841,62,74,2,A92,A101,4,A121,23.0,A143,A151,1,172,1,A191,0
14,30,34,A43,5771,61,74,4,A92,A101,2,A123,25.0,A143,A152,2,173,1,A191,0
14,12,33,A45,1555,64,75,4,A93,A101,4,A124,55.0,A143,A153,2,173,2,A191,1
11,24,32,A40,1285,65,74,4,A92,A101,4,A124,32.0,A143,A151,1,173,1,A191,1
13,6,34,A40,1299,61,73,1,A93,A101,1,A121,63.0,A143,A152,3,171,2,A191,0
13,15,34,A43,1271,65,73,3,A93,A101,4,A124,39.0,A143,A153,2,173,1,A192,1
14,24,32,A40,1393,61,73,2,A93,A103,2,A121,31.0,A143,A152,1,173,1,A192,0
11,12,34,A40,691,61,75,4,A93,A101,3,A122,35.0,A143,A152,2,173,1,A191,1
14,15,34,A40,5045,65,75,1,A92,A101,4,A123,59.0,A143,A152,1,173,1,A192,0
11,18,34,A42,2124,61,73,4,A92,A101,4,A121,24.0,A143,A151,2,173,1,A191,1
11,12,32,A43,2214,61,73,4,A93,A101,3,A122,24.0,A143,A152,1,172,1,A191,0
14,21,34,A40,12680,65,75,4,A93,A101,4,A124,30.0,A143,A153,1,174,1,A192,1
14,24,34,A40,2463,62,74,4,A94,A101,3,A122,27.0,A143,A152,2,173,1,A192,0
12,12,32,A43,1155,61,75,3,A94,A103,3,A121,40.0,A141,A152,2,172,1,A191,0
11,30,32,A42,3108,61,72,2,A91,A101,4,A122,31.0,A143,A152,1,172,1,A191,1
14,10,32,A41,2901,65,72,1,A92,A101,4,A121,31.0,A143,A151,1,173,1,A191,0
12,12,34,A42,3617,61,75,1,A93,A101,4,A123,28.0,A143,A151,3,173,1,A192,0
14,12,34,A43,1655,61,75,2,A93,A101,4,A121,63.0,A143,A152,2,172,1,A192,0
11,24,32,A41,2812,65,75,2,A92,A101,4,A121,26.0,A143,A151,1,173,1,A191,0
11,36,34,A46,8065,61,73,3,A92,A101,2,A124,25.0,A143,A152,2,174,1,A192,1
14,21,34,A41,3275,61,75,1,A93,A101,4,A123,36.0,A143,A152,1,174,1,A192,0
14,24,34,A43,2223,62,75,4,A93,A101,4,A122,52.0,A141,A152,2,173,1,A191,0
13,12,34,A40,1480,63,71,2,A93,A101,4,A124,63.0,A141,A153,3,171,1,A191,0
11,24,32,A40,1371,65,73,4,A92,A101,4,A121,25.0,A143,A151,1,173,1,A191,1
14,36,34,A40,3535,61,74,4,A93,A101,4,A123,37.0,A143,A152,2,173,1,A192,0
11,18,32,A43,3509,61,74,4,A92,A103,1,A121,25.0,A143,A152,1,173,1,A191,0
14,36,34,A41,5711,64,75,4,A93,A101,2,A123,38.0,A143,A152,2,174,1,A192,0
12,18,32,A45,3872,61,71,2,A92,A101,4,A123,63.0,A143,A152,1,173,1,A192,0
12,39,34,A43,4933,61,74,2,A93,A103,2,A121,25.0,A143,A152,2,173,1,A191,1
14,24,34,A40,1940,64,75,4,A93,A101,4,A121,60.0,A143,A152,1,173,1,A192,0
12,12,30,A48,1410,61,73,2,A93,A101,2,A121,31.0,A143,A152,1,172,1,A192,0
12,12,32,A40,836,62,72,4,A92,A101,2,A122,23.0,A141,A152,1,172,1,A191,1
12,20,32,A41,6468,65,71,1,A91,A101,4,A121,60.0,A143,A152,1,174,1,A192,0
12,18,32,A49,1941,64,73,4,A93,A101,2,A122,35.0,A143,A152,1,172,1,A192,0
14,22,32,A43,2675,63,75,3,A93,A101,4,A123,40.0,A143,A152,1,173,1,A191,0
14,48,34,A41,2751,65,75,4,A93,A101,3,A123,38.0,A143,A152,2,173,2,A192,0
12,48,33,A46,6224,61,75,4,A93,A101,4,A124,50.0,A143,A153,1,173,1,A191,1
11,40,34,A46,5998,61,73,4,A93,A101,3,A124,27.0,A141,A152,1,173,1,A192,1
12,21,32,A49,1188,61,75,2,A92,A101,4,A122,39.0,A143,A152,1,173,2,A191,1
14,24,32,A41,6313,65,75,3,A93,A101,4,A123,41.0,A143,A152,1,174,2,A192,0
14,6,34,A42,1221,65,73,1,A94,A101,2,A122,27.0,A143,A152,2,173,1,A191,0
13,24,32,A42,2892,61,75,3,A91,A101,4,A124,51.0,A143,A153,1,173,1,A191,0
14,24,32,A42,3062,63,75,4,A93,A101,3,A124,32.0,A143,A151,1,173,1,A192,0
14,9,32,A42,2301,62,72,2,A92,A101,4,A122,22.0,A143,A151,1,173,1,A191,0
11,18,32,A41,7511,65,75,1,A93,A101,4,A122,51.0,A143,A153,1,173,2,A192,1
14,12,34,A42,1258,61,72,2,A92,A101,4,A122,22.0,A143,A151,2,172,1,A191,0
14,24,33,A40,717,65,75,4,A94,A101,4,A123,54.0,A143,A152,2,173,1,A192,0
12,9,32,A40,1549,65,72,4,A93,A101,2,A121,35.0,A143,A152,1,171,1,A191,0
14,24,34,A46,1597,61,75,4,A93,A101,4,A124,54.0,A143,A153,2,173,2,A191,0
12,18,34,A43,1795,61,75,3,A92,A103,4,A121,48.0,A141,A151,2,172,1,A192,0
11,20,34,A42,4272,61,75,1,A92,A101,4,A122,24.0,A143,A152,2,173,1,A191,0
14,12,34,A43,976,65,75,4,A93,A101,4,A123,35.0,A143,A152,2,173,1,A191,0
12,12,32,A40,7472,65,71,1,A92,A101,2,A121,24.0,A143,A151,1,171,1,A191,0
11,36,32,A40,9271,61,74,2,A93,A101,1,A123,24.0,A143,A152,1,173,1,A192,1
12,6,32,A43,590,61,72,3,A94,A101,3,A121,26.0,A143,A152,1,172,1,A191,0
14,12,34,A43,930,65,75,4,A93,A101,4,A121,63.0,A143,A152,4,173,1,A191,0
12,42,31,A41,9283,61,71,1,A93,A101,2,A124,55.0,A141,A153,1,174,1,A192,0
12,15,30,A40,1778,61,72,2,A92,A101,1,A121,26.0,A143,A151,2,171,1,A191,1
12,8,32,A49,907,61,72,3,A94,A101,2,A121,26.0,A143,A152,1,173,1,A192,0
12,6,32,A43,484,61,74,3,A94,A103,3,A121,28.0,A141,A152,1,172,1,A191,0
11,36,34,A41,9629,61,74,4,A93,A101,4,A123,24.0,A143,A152,2,173,1,A192,1
11,48,32,A44,3051,61,73,3,A93,A101,4,A123,54.0,A143,A152,1,173,1,A191,1
11,48,32,A40,3931,61,74,4,A93,A101,4,A124,46.0,A143,A153,1,173,2,A191,1
12,36,33,A40,7432,61,73,2,A92,A101,2,A122,54.0,A143,A151,1,173,1,A191,0
14,6,32,A44,1338,63,73,1,A91,A101,4,A121,62.0,A143,A152,1,173,1,A191,0
14,6,34,A43,1554,61,74,1,A92,A101,2,A123,24.0,A143,A151,2,173,1,A192,0
11,36,32,A410,15857,61,71,2,A91,A102,3,A123,43.0,A143,A152,1,174,1,A191,0
11,18,32,A43,1345,61,73,4,A94,A101,3,A121,26.0,A141,A152,1,173,1,A191,1
14,12,32,A40,1101,61,73,3,A94,A101,2,A121,27.0,A143,A152,2,173,1,A192,0
13,12,32,A43,3016,61,73,3,A94,A101,1,A123,24.0,A143,A152,1,173,1,A191,0
11,36,32,A42,2712,61,75,2,A93,A101,2,A122,41.0,A141,A152,1,173,2,A191,1
11,8,34,A40,731,61,75,4,A93,A101,4,A121,47.0,A143,A152,2,172,1,A191,0
14,18,34,A42,3780,61,72,3,A91,A101,2,A123,35.0,A143,A152,2,174,1,A192,0
11,21,34,A40,1602,61,75,4,A94,A101,3,A123,30.0,A143,A152,2,173,1,A192,0
11,18,34,A40,3966,61,75,1,A92,A101,4,A121,33.0,A141,A151,3,173,1,A192,1
14,18,30,A49,4165,61,73,2,A93,A101,2,A123,36.0,A142,A152,2,173,2,A191,1
11,36,32,A41,8335,65,75,3,A93,A101,4,A124,47.0,A143,A153,1,173,1,A191,1
12,48,33,A49,6681,65,73,4,A93,A101,4,A124,38.0,A143,A153,1,173,2,A192,0
14,24,33,A49,2375,63,73,4,A93,A101,2,A123,44.0,A143,A152,2,173,2,A192,0
11,18,32,A40,1216,61,72,4,A92,A101,3,A123,23.0,A143,A151,1,173,1,A192,1
11,45,30,A49,11816,61,75,2,A93,A101,4,A123,29.0,A143,A151,2,173,1,A191,1
12,24,32,A43,5084,65,75,2,A92,A101,4,A123,42.0,A143,A152,1,173,1,A192,0
13,15,32,A43,2327,61,72,2,A92,A101,3,A121,25.0,A143,A152,1,172,1,A191,1
11,12,30,A40,1082,61,73,4,A93,A101,4,A123,48.0,A141,A152,2,173,1,A191,1
14,12,32,A43,886,65,73,4,A92,A101,2,A123,22.0,A143,A152,1,173,1,A191,0
14,4,32,A42,601,61,72,1,A92,A101,3,A121,23.0,A143,A151,1,172,2,A191,0
11,24,34,A41,2957,61,75,4,A93,A101,4,A122,63.0,A143,A152,2,173,1,A192,0
14,24,34,A43,2611,61,75,4,A94,A102,3,A121,46.0,A143,A152,2,173,1,A191,0
11,36,32,A42,5179,61,74,4,A93,A101,2,A122,29.0,A143,A152,1,173,1,A191,1
14,21,33,A41,2993,61,73,3,A93,A101,2,A121,28.0,A142,A152,2,172,1,A191,0
14,18,32,A45,1943,61,72,4,A92,A101,4,A121,23.0,A143,A152,1,173,1,A191,1
14,24,31,A49,1559,61,74,4,A93,A101,4,A123,50.0,A141,A152,1,173,1,A192,0
14,18,32,A42,3422,61,75,4,A93,A101,4,A122,47.0,A141,A152,3,173,2,A192,0
12,21,32,A42,3976,65,74,2,A93,A101,3,A123,35.0,A143,A152,1,173,1,A192,0
14,18,32,A40,6761,65,73,2,A93,A101,4,A123,63.0,A143,A151,2,173,1,A191,1
14,24,32,A40,1249,61,72,4,A94,A101,2,A121,28.0,A143,A152,1,173,1,A191,0
11,9,32,A43,1364,61,74,3,A93,A101,4,A121,59.0,A143,A152,1,173,1,A191,0
11,12,32,A43,709,61,75,4,A93,A101,4,A121,57.0,A142,A152,1,172,1,A191,1
11,20,34,A40,2235,61,73,4,A94,A103,2,A122,33.0,A141,A151,2,173,1,A191,1
14,24,34,A41,4042,65,74,3,A93,A101,4,A122,43.0,A143,A152,2,173,1,A192,0
14,15,34,A43,1471,61,73,4,A93,A101,4,A124,35.0,A143,A153,2,173,1,A192,0
11,18,31,A40,1442,61,74,4,A93,A101,4,A124,32.0,A143,A153,2,172,2,A191,1
14,36,33,A40,10875,61,75,2,A93,A101,2,A123,45.0,A143,A152,2,173,2,A192,0
14,24,32,A40,1474,62,72,4,A94,A101,3,A121,33.0,A143,A152,1,173,1,A192,0
14,10,32,A48,894,65,74,4,A92,A101,3,A122,40.0,A143,A152,1,173,1,A192,0
14,15,34,A42,3343,61,73,4,A93,A101,2,A124,28.0,A143,A153,1,173,1,A192,0
11,15,32,A40,3959,61,73,3,A92,A101,2,A122,29.0,A143,A152,1,173,1,A192,1
14,9,32,A40,3577,62,73,1,A93,A103,2,A121,26.0,A143,A151,1,173,2,A191,0
14,24,34,A41,5804,64,73,4,A93,A101,2,A121,27.0,A143,A152,2,173,1,A191,0
14,18,33,A49,2169,61,73,4,A94,A101,2,A123,28.0,A143,A152,1,173,1,A192,1
11,24,32,A43,2439,61,72,4,A92,A101,4,A121,35.0,A143,A152,1,173,1,A192,1
14,27,34,A42,4526,64,72,4,A93,A101,2,A121,32.0,A142,A152,2,172,2,A192,0
14,10,32,A42,2210,61,73,2,A93,A101,2,A121,25.0,A141,A151,1,172,1,A191,1
14,15,32,A42,2221,63,73,2,A92,A101,4,A123,22.0,A143,A151,1,173,1,A191,0
11,18,32,A43,2389,61,72,4,A92,A101,1,A123,27.0,A142,A152,1,173,1,A191,0
14,12,34,A42,3331,61,75,2,A93,A101,4,A122,42.0,A142,A152,1,173,1,A191,0
14,36,32,A49,7409,65,75,3,A93,A101,2,A122,37.0,A143,A152,2,173,1,A191,0
11,12,32,A42,652,61,75,4,A92,A101,4,A122,24.0,A143,A151,1,173,1,A191,0
14,36,33,A42,7678,63,74,2,A92,A101,4,A123,40.0,A143,A152,2,173,1,A192,0
13,6,34,A40,1343,61,75,1,A93,A101,4,A121,46.0,A143,A152,2,173,2,A191,0
11,24,34,A49,1382,62,74,4,A93,A101,1,A121,26.0,A143,A152,2,173,1,A192,0
14,15,32,A44,874,65,72,4,A92,A101,1,A121,24.0,A143,A152,1,173,1,A191,0
11,12,32,A42,3590,61,73,2,A93,A102,2,A122,29.0,A143,A152,1,172,2,A191,0
12,11,34,A40,1322,64,73,4,A92,A101,4,A123,40.0,A143,A152,2,173,1,A191,0
11,18,31,A43,1940,61,72,3,A93,A102,4,A124,36.0,A141,A153,1,174,1,A192,0
14,36,32,A43,3595,61,75,4,A93,A101,2,A123,28.0,A143,A152,1,173,1,A191,0
11,9,32,A40,1422,61,72,3,A93,A101,2,A124,27.0,A143,A153,1,174,1,A192,1
14,30,34,A43,6742,65,74,2,A93,A101,3,A122,36.0,A143,A152,2,173,1,A191,0
14,24,32,A41,7814,61,74,3,A93,A101,3,A123,38.0,A143,A152,1,174,1,A192,0
14,24,32,A41,9277,65,73,2,A91,A101,4,A124,48.0,A143,A153,1,173,1,A192,0
12,30,34,A40,2181,65,75,4,A93,A101,4,A121,36.0,A143,A152,2,173,1,A191,0
14,18,34,A43,1098,61,71,4,A92,A101,4,A123,63.0,A143,A152,2,171,1,A191,0
12,24,32,A42,4057,61,74,3,A91,A101,3,A123,43.0,A143,A152,1,173,1,A192,1
11,12,32,A46,795,61,72,4,A92,A101,4,A122,53.0,A143,A152,1,173,1,A191,1
12,24,34,A49,2825,65,74,4,A93,A101,3,A124,34.0,A143,A152,2,173,2,A192,0
12,48,32,A49,15672,61,73,2,A93,A101,2,A123,23.0,A143,A152,1,173,1,A192,1
14,36,34,A40,6614,61,75,4,A93,A101,4,A123,34.0,A143,A152,2,174,1,A192,0
14,28,31,A41,7824,65,72,3,A93,A103,4,A121,40.0,A141,A151,2,173,2,A192,0
11,27,34,A49,2442,61,75,4,A93,A101,4,A123,43.0,A142,A152,4,174,2,A192,0
14,15,34,A43,1829,61,75,4,A93,A101,4,A123,46.0,A143,A152,2,173,1,A192,0
11,12,34,A40,2171,61,73,4,A93,A101,4,A122,38.0,A141,A152,2,172,1,A191,0
12,36,34,A41,5800,61,73,3,A93,A101,4,A123,34.0,A143,A152,2,173,1,A192,0
14,18,34,A43,1169,65,73,4,A93,A101,3,A122,29.0,A143,A152,2,173,1,A192,0
14,36,33,A41,8947,65,74,3,A93,A101,2,A123,31.0,A142,A152,1,174,2,A192,0
11,21,32,A43,2606,61,72,4,A92,A101,4,A122,28.0,A143,A151,1,174,1,A192,0
14,12,34,A42,1592,64,74,3,A92,A101,2,A122,35.0,A143,A152,1,173,1,A191,0
14,15,32,A42,2186,65,74,1,A92,A101,4,A121,33.0,A141,A151,1,172,1,A191,0
11,18,32,A42,4153,61,73,2,A93,A102,3,A123,42.0,A143,A152,1,173,1,A191,1
11,16,34,A40,2625,61,75,2,A93,A103,4,A122,43.0,A141,A151,1,173,1,A192,1
14,20,34,A40,3485,65,72,2,A91,A101,4,A121,44.0,A143,A152,2,173,1,A192,0
14,36,34,A41,10477,65,75,2,A93,A101,4,A124,42.0,A143,A153,2,173,1,A191,0
14,15,32,A43,1386,65,73,4,A94,A101,2,A121,40.0,A143,A151,1,173,1,A192,0
14,24,32,A43,1278,61,75,4,A93,A101,1,A121,36.0,A143,A152,1,174,1,A192,0
11,12,32,A43,1107,61,73,2,A93,A101,2,A121,22.0,A143,A151,1,174,2,A192,0
11,21,32,A40,3763,65,74,2,A93,A102,2,A121,24.0,A143,A152,1,172,1,A191,0
12,36,32,A46,3711,65,73,2,A94,A101,2,A123,27.0,A143,A152,1,173,1,A191,0
14,15,33,A41,3594,61,72,1,A92,A101,2,A122,46.0,A143,A152,2,172,1,A191,0
12,9,32,A40,3195,65,73,1,A92,A101,2,A121,33.0,A143,A152,1,172,1,A191,0
14,36,33,A43,4454,61,73,4,A92,A101,4,A121,34.0,A143,A152,2,173,1,A191,0
12,24,34,A42,4736,61,72,2,A92,A101,4,A123,25.0,A141,A152,1,172,1,A191,1
12,30,32,A43,2991,65,75,2,A92,A101,4,A123,25.0,A143,A152,1,173,1,A191,0
14,11,32,A49,2142,64,75,1,A91,A101,2,A121,28.0,A143,A152,1,173,1,A192,0
11,24,31,A49,3161,61,73,4,A93,A101,2,A122,31.0,A143,A151,1,173,1,A192,1
12,48,30,A410,18424,61,73,1,A92,A101,2,A122,32.0,A141,A152,1,174,1,A192,1
14,10,32,A41,2848,62,73,1,A93,A102,2,A121,32.0,A143,A152,1,173,2,A191,0
11,6,32,A40,14896,61,75,1,A93,A101,4,A124,63.0,A141,A152,1,174,1,A192,1
11,24,32,A42,2359,62,71,1,A91,A101,1,A122,33.0,A143,A152,1,173,1,A191,1
11,24,32,A42,3345,61,75,4,A93,A101,2,A122,39.0,A143,A151,1,174,1,A192,1
14,18,34,A42,1817,61,73,4,A92,A101,2,A124,28.0,A143,A152,2,173,1,A191,0
14,48,33,A43,12749,63,74,4,A93,A101,1,A123,37.0,A143,A152,1,174,1,A192,0
11,9,32,A43,1366,61,72,3,A92,A101,4,A122,22.0,A143,A151,1,173,1,A191,1
12,12,32,A40,2002,61,74,3,A93,A101,4,A122,30.0,A143,A151,1,173,2,A192,0
11,24,31,A42,6872,61,72,2,A91,A101,1,A122,55.0,A141,A152,1,173,1,A192,1
11,12,31,A40,697,61,72,4,A93,A101,2,A123,46.0,A141,A152,2,173,1,A192,1
11,18,34,A42,1049,61,72,4,A92,A101,4,A122,22.0,A143,A151,1,173,1,A191,0
11,48,32,A41,10297,61,74,4,A93,A101,4,A124,39.0,A142,A153,3,173,2,A192,1
14,30,32,A43,1867,65,75,4,A93,A101,4,A123,58.0,A143,A152,1,173,1,A192,0
11,12,33,A40,1344,61,73,4,A93,A101,2,A121,43.0,A143,A152,2,172,2,A191,0
11,24,32,A42,1747,61,72,4,A93,A102,1,A122,24.0,A143,A152,1,172,1,A191,0
12,9,32,A43,1670,61,72,4,A92,A101,2,A123,22.0,A143,A152,1,173,1,A192,1
14,9,34,A40,1224,61,73,3,A93,A101,1,A121,30.0,A143,A152,2,173,1,A191,0
14,12,34,A43,522,63,75,4,A93,A101,4,A122,42.0,A143,A152,2,173,2,A192,0
11,12,32,A43,1498,61,73,4,A92,A101,1,A123,23.0,A141,A152,1,173,1,A191,0
12,30,33,A43,1919,62,72,4,A93,A101,3,A124,30.0,A142,A152,2,174,1,A191,1
13,9,32,A43,745,61,73,3,A92,A101,2,A121,28.0,A143,A152,1,172,1,A191,1
12,6,32,A43,2063,61,72,4,A94,A101,3,A123,30.0,A143,A151,1,174,1,A192,0
12,60,32,A46,6288,61,73,4,A93,A101,4,A124,42.0,A143,A153,1,173,1,A191,1
14,24,34,A41,6842,65,73,2,A93,A101,4,A122,46.0,A143,A152,2,174,2,A192,0
14,12,32,A40,3527,65,72,2,A93,A101,3,A122,45.0,A143,A152,1,174,2,A192,0
14,10,32,A40,1546,61,73,3,A93,A101,2,A121,31.0,A143,A152,1,172,2,A191,0
14,24,32,A42,929,65,74,4,A93,A101,2,A123,31.0,A142,A152,1,173,1,A192,0
14,4,34,A40,1455,61,74,2,A93,A101,1,A121,42.0,A143,A152,3,172,2,A191,0
11,15,32,A42,1845,61,72,4,A92,A103,1,A122,46.0,A143,A151,1,173,1,A191,0
12,48,30,A40,8358,63,72,1,A92,A101,1,A123,30.0,A143,A152,2,173,1,A191,0
11,24,31,A42,3349,63,72,4,A93,A101,4,A124,30.0,A143,A153,1,173,2,A192,1
14,12,32,A40,2859,65,71,4,A93,A101,4,A124,38.0,A143,A152,1,174,1,A192,0
14,18,32,A42,1533,61,72,4,A94,A102,1,A122,43.0,A143,A152,1,172,2,A191,1
14,24,32,A43,3621,62,75,2,A93,A101,4,A123,31.0,A143,A152,2,173,1,A191,1
12,18,34,A49,3590,61,71,3,A94,A101,3,A123,40.0,A143,A152,3,171,2,A192,0
11,36,33,A49,2145,61,74,2,A93,A101,1,A123,24.0,A143,A152,2,173,1,A192,1
12,24,32,A41,4113,63,72,3,A92,A101,4,A123,28.0,A143,A151,1,173,1,A191,1
14,36,32,A42,10974,61,71,4,A92,A101,2,A123,26.0,A143,A152,2,174,1,A192,1
11,12,32,A40,1893,61,73,4,A92,A103,4,A122,29.0,A143,A152,1,173,1,A192,0
11,24,34,A43,1231,64,75,4,A92,A101,4,A122,57.0,A143,A151,2,174,1,A192,0
13,30,34,A43,3656,65,75,4,A93,A101,4,A122,49.0,A142,A152,2,172,1,A191,0
12,9,34,A43,1154,61,75,2,A93,A101,4,A121,37.0,A143,A152,3,172,1,A191,0
11,28,32,A40,4006,61,73,3,A93,A101,2,A123,45.0,A143,A152,1,172,1,A191,1
12,24,32,A42,3069,62,75,4,A93,A101,4,A124,30.0,A143,A153,1,173,1,A191,0
14,6,34,A43,1740,61,75,2,A94,A101,2,A121,30.0,A143,A151,2,173,1,A191,0
12,21,33,A40,2353,61,73,1,A91,A101,4,A122,47.0,A143,A152,2,173,1,A191,0
14,15,32,A40,3556,65,73,3,A93,A101,2,A124,29.0,A143,A152,1,173,1,A191,0
14,24,32,A43,2397,63,75,3,A93,A101,2,A123,35.0,A141,A152,2,173,1,A192,1
12,6,32,A45,454,61,72,3,A94,A101,1,A122,22.0,A143,A152,1,172,1,A191,0
12,30,32,A43,1715,65,73,4,A92,A101,1,A123,26.0,A143,A152,1,173,1,A191,0
12,27,34,A43,2520,63,73,4,A93,A101,2,A122,23.0,A143,A152,2,172,1,A191,1
14,15,32,A43,3568,61,75,4,A92,A101,2,A123,54.0,A141,A151,1,174,1,A192,0
14,42,32,A43,7166,65,74,2,A94,A101,4,A122,29.0,A143,A151,1,173,1,A192,0
11,11,34,A40,3939,61,73,1,A93,A101,2,A121,40.0,A143,A152,2,172,2,A191,0
12,15,32,A45,1514,62,73,4,A93,A103,2,A121,22.0,A143,A152,1,173,1,A191,0
14,24,32,A40,7393,61,73,1,A93,A101,4,A122,43.0,A143,A152,1,172,2,A191,0
11,24,31,A40,1193,61,71,1,A92,A102,4,A124,29.0,A143,A151,2,171,1,A191,1
11,60,32,A49,7297,61,75,4,A93,A102,4,A124,36.0,A143,A151,1,173,1,A191,1
14,30,34,A43,2831,61,73,4,A92,A101,2,A123,33.0,A143,A152,1,173,1,A192,0
13,24,32,A43,1258,63,73,3,A92,A101,3,A123,57.0,A143,A152,1,172,1,A191,0
12,6,32,A43,753,61,73,2,A92,A103,3,A121,63.0,A143,A152,1,173,1,A191,0
12,18,33,A49,2427,65,75,4,A93,A101,2,A122,42.0,A143,A152,2,173,1,A191,0
14,24,33,A40,2538,61,75,4,A93,A101,4,A123,47.0,A143,A152,2,172,2,A191,1
12,15,31,A40,1264,62,73,2,A94,A101,2,A122,25.0,A143,A151,1,173,1,A191,1
12,30,34,A42,8386,61,74,2,A93,A101,2,A122,49.0,A143,A152,1,173,1,A191,1
14,48,32,A49,4844,61,71,3,A93,A101,2,A123,33.0,A141,A151,1,174,1,A192,1
13,21,32,A40,2923,62,73,1,A92,A101,1,A123,28.0,A141,A152,1,174,1,A192,0
11,36,32,A41,8229,61,73,2,A93,A101,2,A122,26.0,A143,A152,1,173,2,A191,1
14,24,34,A42,2028,61,74,2,A93,A101,2,A122,30.0,A143,A152,2,172,1,A191,0
11,15,34,A42,1433,61,73,4,A92,A101,3,A122,25.0,A143,A151,2,173,1,A191,0
13,42,30,A49,6289,61,72,2,A91,A101,1,A122,33.0,A143,A152,2,173,1,A191,0
14,13,32,A43,1409,62,71,2,A92,A101,4,A121,63.0,A143,A152,1,173,1,A191,0
11,24,32,A41,6579,61,71,4,A93,A101,2,A124,29.0,A143,A153,1,174,1,A192,0
12,24,34,A43,1743,61,75,4,A93,A101,2,A122,48.0,A143,A152,2,172,1,A191,0
14,12,34,A46,3565,65,72,2,A93,A101,1,A122,37.0,A143,A152,2,172,2,A191,0
14,15,31,A43,1569,62,75,4,A93,A101,4,A123,34.0,A141,A152,1,172,2,A191,0
11,18,32,A43,1936,65,74,2,A94,A101,4,A123,23.0,A143,A151,2,172,1,A191,0
11,36,32,A42,3959,61,71,4,A93,A101,3,A122,30.0,A143,A152,1,174,1,A192,0
14,12,32,A40,2390,65,75,4,A93,A101,3,A123,50.0,A143,A152,1,173,1,A192,0
14,12,32,A42,1736,61,74,3,A92,A101,4,A121,31.0,A143,A152,1,172,1,A191,0
11,30,32,A41,3857,61,73,4,A91,A101,4,A122,40.0,A143,A152,1,174,1,A192,0
14,12,32,A43,804,61,75,4,A93,A101,4,A123,38.0,A143,A152,1,173,1,A191,0
11,45,32,A43,1845,61,73,4,A93,A101,4,A124,23.0,A143,A153,1,173,1,A192,1
12,45,34,A41,4576,62,71,3,A93,A101,4,A123,27.0,A143,A152,1,173,1,A191,0
